scenario_id,K,B,lambda,rho,mu_vm,mu_container,stage_capacity_ratio,holding_vm,holding_container,blocking_cost,states,full_state_optimal_gain,weighted_ff_gain,weighted_ff_relative_gap,weighted_ff_numerically_optimal,uniform_jsq_gain,uniform_jsq_relative_gap,lexicographic_ff_gain,lexicographic_ff_relative_gap,weighted_ff_improvement_over_uniform_jsq,weighted_ff_improvement_over_lexicographic_ff,uniform_jsq_endpoint_error,lexicographic_ff_endpoint_error,rvi_iterations,rvi_span_residual,bellman_residual,globally_certified_within_class,class_definition,minimum_feeder_weight,minimum_feeder_weight_fraction,best_feeder_weight,best_feeder_weight_fraction,best_candidate_kind,best_gain,critical_weight_count,candidate_weight_count,distinct_policy_count,critical_weights,lexicographic_weight,lexicographic_weight_fraction,lexicographic_gain,jsq_gain,improvement_over_lexicographic,improvement_over_jsq,best_tie_state_count,best_generator_residual,best_poisson_gain_error,best_cost_decomposition_error,check_checked_uniformized_rows,check_minimum_transition_probability,check_maximum_row_sum_error,check_rvi_stationary_gain_error,check_stationary_generator_residual,check_stationary_poisson_gain_error,check_arrival_promotion_flow_error,check_promotion_departure_flow_error,check_cost_decomposition_error
K4_B4_lambda1_rho0p5_muvm1_muc1_hvm0p5_hc1_cb1,4,4,1.0,0.5,1.0,1.0,0.25,0.5,1.0,1.0,625,1.7009438976973243,1.7009438976973226,0.0,True,1.7514684244690037,0.029703817298194053,1.7009438976973226,0.0,0.05052452677168118,0.0,0.0,0.0,694,9.809042467168183e-12,9.452633120687892e-12,True,uniform_argmin_r_q_plus_n_for_r_ge_minimum,1.0,1,5.0,5,lexicographic_feeder_first,1.7009438976973226,6,12,12,"['1', '4/3', '3/2', '2', '3', '4']",5.0,5,1.7009438976973226,1.7514684244690037,0.0,0.05052452677168118,20,4.933221528762716e-16,1.9093615577503442e-12,2.220446049250313e-16,1025,0.0,2.220446049250313e-16,5.3723692161611325e-12,5.082739784612045e-16,2.0405899192610377e-13,7.771561172376096e-16,5.551115123125783e-16,0.0
K4_B4_lambda1p5_rho0p75_muvm1_muc1_hvm0p5_hc1_cb1,4,4,1.5,0.75,1.0,1.0,0.25,0.5,1.0,1.0,625,2.908932088611765,2.9089320886117718,0.0,True,2.9931017807165605,0.02893491134918996,2.9089320886117718,0.0,0.08416969210478875,0.0,0.0,0.0,930,9.897860309138196e-12,9.637735054468521e-12,True,uniform_argmin_r_q_plus_n_for_r_ge_minimum,1.0,1,5.0,5,lexicographic_feeder_first,2.9089320886117718,6,12,12,"['1', '4/3', '3/2', '2', '3', '4']",5.0,5,2.9089320886117718,2.9931017807165605,0.0,0.08416969210478875,20,5.568462357885551e-16,2.744471316873387e-13,4.440892098500626e-16,1025,0.0,2.220446049250313e-16,2.3741453247794198e-11,4.902762223979451e-16,5.169198402654729e-13,1.3322676295501878e-15,0.0,0.0
K4_B4_lambda2_rho1_muvm1_muc1_hvm0p5_hc1_cb1,4,4,2.0,1.0,1.0,1.0,0.25,0.5,1.0,1.0,625,4.226363677453405,4.226363677453411,0.0,True,4.293813386212857,0.015959277030341744,4.226363677453411,0.0,0.06744970875944656,0.0,0.0,0.0,930,9.755751761986176e-12,9.49906819869284e-12,True,uniform_argmin_r_q_plus_n_for_r_ge_minimum,1.0,1,5.0,5,lexicographic_feeder_first,4.226363677453411,6,12,12,"['1', '4/3', '3/2', '2', '3', '4']",5.0,5,4.226363677453411,4.293813386212857,0.0,0.06744970875944656,20,2.1423834928313568e-16,1.6964207816272392e-13,0.0,1025,0.0,2.220446049250313e-16,5.0590642786119133e-11,2.26706674266719e-16,1.9895196601282805e-13,1.3322676295501878e-15,1.3322676295501878e-15,0.0
K4_B4_lambda2_rho0p5_muvm2_muc1_hvm0p5_hc1_cb1,4,4,2.0,0.5,2.0,1.0,0.5,0.5,1.0,1.0,625,2.712176333815246,2.712178726927617,8.82358695154934e-07,False,2.786141305523379,0.027271446471212837,2.712178726927617,8.82358695154934e-07,0.07396257859576183,0.0,0.0,0.0,525,9.57811607804615e-12,9.1091856280201e-12,True,uniform_argmin_r_q_plus_n_for_r_ge_minimum,1.0,1,5.0,5,lexicographic_feeder_first,2.712178726927617,6,12,12,"['1', '4/3', '3/2', '2', '3', '4']",5.0,5,2.712178726927617,2.786141305523379,0.0,0.07396257859576183,20,2.220446049250313e-16,8.614442492671515e-12,8.881784197001252e-16,1025,0.0,1.1102230246251565e-16,6.0396132539608516e-12,2.0816681711721685e-16,1.6829648785687823e-11,0.0,0.0,4.440892098500626e-16
K4_B4_lambda3_rho0p75_muvm2_muc1_hvm0p5_hc1_cb1,4,4,3.0,0.75,2.0,1.0,0.5,0.5,1.0,1.0,625,4.50275476918239,4.50278903427249,7.609805964569236e-06,False,4.603336686173788,0.02233786251913985,4.50278903427249,7.609805964569236e-06,0.100547651901298,0.0,0.0,0.0,760,9.759304475664976e-12,9.442335802134494e-12,True,uniform_argmin_r_q_plus_n_for_r_ge_minimum,1.0,1,5.0,5,lexicographic_feeder_first,4.50278903427249,6,12,12,"['1', '4/3', '3/2', '2', '3', '4']",5.0,5,4.50278903427249,4.603336686173788,0.0,0.100547651901298,20,5.672545766444159e-16,3.650413304967515e-12,8.881784197001252e-16,1025,0.0,2.220446049250313e-16,3.306777074385536e-11,1.5154435865916138e-16,2.814637412029697e-12,0.0,8.881784197001252e-16,0.0
K4_B4_lambda4_rho1_muvm2_muc1_hvm0p5_hc1_cb1,4,4,4.0,1.0,2.0,1.0,0.5,0.5,1.0,1.0,625,6.417442619662268,6.417543951687777,1.5790094515024774e-05,False,6.472591777570916,0.008593634750964146,6.417543951687777,1.5790094515024774e-05,0.055047825883138835,0.0,0.0,0.0,750,9.961809155356605e-12,9.63279456200894e-12,True,uniform_argmin_r_q_plus_n_for_r_ge_minimum,1.0,1,5.0,5,lexicographic_feeder_first,6.417543951687777,6,12,12,"['1', '4/3', '3/2', '2', '3', '4']",5.0,5,6.417543951687777,6.472591777570916,0.0,0.055047825883138835,20,4.858445460179106e-16,3.9523939676655573e-13,8.881784197001252e-16,1025,0.0,2.220446049250313e-16,7.79714071086346e-11,4.3369442152135784e-16,6.306066779870889e-13,8.881784197001252e-16,4.440892098500626e-16,0.0
K4_B4_lambda4_rho0p5_muvm4_muc1_hvm0p5_hc1_cb1,4,4,4.0,0.5,4.0,1.0,1.0,0.5,1.0,1.0,625,4.8943700733661375,4.896202814187111,0.00037445897909253365,False,4.964790956216247,0.014388140208955914,4.896748926110753,0.0004860385931093898,0.0685881420291361,0.0005461119236418455,0.0,0.0,817,9.71667191151937e-12,9.418965607466134e-12,True,uniform_argmin_r_q_plus_n_for_r_ge_minimum,1.0,1,3.5,7/2,open_interval_representative,4.896202814187111,6,12,12,"['1', '4/3', '3/2', '2', '3', '4']",5.0,5,4.896748926110753,4.964790956216247,0.0005461119236418455,0.0685881420291361,20,3.000258461810512e-16,2.2080115513745113e-12,8.881784197001252e-16,1025,0.0,2.220446049250313e-16,2.9463542716712254e-11,7.979727989493313e-17,1.2008172234345693e-12,0.0,4.440892098500626e-16,8.881784197001252e-16
K4_B4_lambda6_rho0p75_muvm4_muc1_hvm0p5_hc1_cb1,4,4,6.0,0.75,4.0,1.0,1.0,0.5,1.0,1.0,625,8.26433084278002,8.265822561624615,0.00018050086243814794,False,8.29907929202576,0.004204629498357855,8.266845424838833,0.0003042692876955783,0.03325673040114552,0.0010228632142172955,0.0,0.0,919,9.9262820185686e-12,9.656830890492074e-12,True,uniform_argmin_r_q_plus_n_for_r_ge_minimum,1.0,1,2.5,5/2,open_interval_representative,8.265822561624615,6,12,12,"['1', '4/3', '3/2', '2', '3', '4']",5.0,5,8.266845424838833,8.29907929202576,0.0010228632142172955,0.03325673040114552,20,3.7757510063397143e-16,1.758593271006248e-13,1.7763568394002505e-15,1025,0.0,2.220446049250313e-16,1.2389378412080987e-10,3.2158452875456767e-16,1.7408297026122455e-13,8.881784197001252e-16,8.881784197001252e-16,0.0
K4_B4_lambda8_rho1_muvm4_muc1_hvm0p5_hc1_cb1,4,4,8.0,1.0,4.0,1.0,1.0,0.5,1.0,1.0,625,11.119295105036397,11.119533975038184,2.1482477039328414e-05,False,11.125238347596333,0.0005344981407359977,11.119887535893564,5.327953360096833e-05,0.005704372558149373,0.00035356085538040816,0.0,0.0,608,9.919176591210999e-12,9.514611321037592e-12,True,uniform_argmin_r_q_plus_n_for_r_ge_minimum,1.0,1,2.5,5/2,open_interval_representative,11.119533975038184,6,12,12,"['1', '4/3', '3/2', '2', '3', '4']",5.0,5,11.119887535893564,11.125238347596333,0.00035356085538040816,0.005704372558149373,20,2.0743985109023585e-16,2.7000623958883807e-13,0.0,1025,0.0,2.220446049250313e-16,1.8497914311410568e-10,3.0531133177191805e-16,2.5579538487363607e-13,1.7763568394002505e-15,0.0,1.7763568394002505e-15
K4_B4_lambda4_rho0p5_muvm8_muc1_hvm0p5_hc1_cb1,4,4,4.0,0.5,8.0,1.0,2.0,0.5,1.0,1.0,625,4.358673094450118,4.361950326462044,0.0007518875448812059,False,4.383798365113244,0.005764431082275398,4.3631475637647075,0.0010265668513397765,0.021848038651199886,0.00119723730266319,0.0,0.0,922,9.85522774499259e-12,9.587164395696846e-12,True,uniform_argmin_r_q_plus_n_for_r_ge_minimum,1.0,1,2.5,5/2,open_interval_representative,4.361950326462044,6,12,12,"['1', '4/3', '3/2', '2', '3', '4']",5.0,5,4.3631475637647075,4.383798365113244,0.00119723730266319,0.021848038651199886,20,2.0685222198307818e-16,3.9257486150745535e-13,8.881784197001252e-16,1025,0.0,1.1102230246251565e-16,2.4789947872250195e-11,1.249000902703301e-16,2.4780177909633494e-13,4.440892098500626e-16,8.881784197001252e-16,8.881784197001252e-16
K4_B4_lambda6_rho0p75_muvm8_muc1_hvm0p5_hc1_cb1,4,4,6.0,0.75,8.0,1.0,2.0,0.5,1.0,1.0,625,7.223788820463842,7.230373162718703,0.0009114804458580863,False,7.25210461663536,0.003919798443069653,7.2342825391217325,0.0014526613275520745,0.021731453916657095,0.003909376403029796,0.0,0.0,1412,9.872991313386592e-12,9.702239012199243e-12,True,uniform_argmin_r_q_plus_n_for_r_ge_minimum,1.0,1,2.5,5/2,open_interval_representative,7.230373162718703,6,12,12,"['1', '4/3', '3/2', '2', '3', '4']",5.0,5,7.2342825391217325,7.25210461663536,0.003909376403029796,0.021731453916657095,20,1.8041124150158794e-16,7.194245199571014e-13,8.881784197001252e-16,1025,0.0,2.220446049250313e-16,1.1447642833672944e-10,3.3306690738754696e-16,4.805045250577678e-13,8.881784197001252e-16,1.7763568394002505e-15,0.0
K4_B4_lambda8_rho1_muvm8_muc1_hvm0p5_hc1_cb1,4,4,8.0,1.0,8.0,1.0,2.0,0.5,1.0,1.0,625,10.457852316137787,10.459646160552843,0.0001715308612924403,False,10.468084478208572,0.0009784190636346968,10.462813137480532,0.0004743633006836665,0.008438317655729222,0.0031669769276891913,0.0,0.0,1184,9.801937039810582e-12,9.603096096100217e-12,True,uniform_argmin_r_q_plus_n_for_r_ge_minimum,1.0,1,1.75,7/4,open_interval_representative,10.459646160552843,6,12,12,"['1', '4/3', '3/2', '2', '3', '4']",5.0,5,10.462813137480532,10.468084478208572,0.0031669769276891913,0.008438317655729222,20,2.498001805406602e-16,5.364597654988756e-13,1.7763568394002505e-15,1025,0.0,2.220446049250313e-16,2.2938095867175434e-10,2.220446049250313e-16,2.646771690706373e-13,8.881784197001252e-16,1.7763568394002505e-15,1.7763568394002505e-15
K4_B4_lambda1_rho0p5_muvm1_muc1_hvm0p5_hc1_cb10,4,4,1.0,0.5,1.0,1.0,0.25,0.5,1.0,10.0,625,1.7274733672140221,1.72747336721402,0.0,True,1.7816652197858027,0.03137058643004052,1.72747336721402,0.0,0.05419185257178283,0.0,0.0,0.0,697,9.9333874459262e-12,9.577699744411916e-12,True,uniform_argmin_r_q_plus_n_for_r_ge_minimum,1.0,1,5.0,5,lexicographic_feeder_first,1.72747336721402,6,12,12,"['1', '4/3', '3/2', '2', '3', '4']",5.0,5,1.72747336721402,1.7816652197858027,0.0,0.05419185257178283,20,4.933221528762716e-16,1.3038459201197838e-12,4.440892098500626e-16,1025,0.0,2.220446049250313e-16,5.4432014451322175e-12,5.082739784612045e-16,1.887379141862766e-13,7.771561172376096e-16,5.551115123125783e-16,2.220446049250313e-16
K4_B4_lambda1p5_rho0p75_muvm1_muc1_hvm0p5_hc1_cb10,4,4,1.5,0.75,1.0,1.0,0.25,0.5,1.0,10.0,625,3.379269501958901,3.3792695019589116,0.0,True,3.505684636503993,0.03740901235364968,3.3792695019589116,0.0,0.12641513454508146,0.0,0.0,0.0,948,9.99733629214461e-12,9.713285731294263e-12,True,uniform_argmin_r_q_plus_n_for_r_ge_minimum,1.0,1,5.0,5,lexicographic_feeder_first,3.3792695019589116,6,12,12,"['1', '4/3', '3/2', '2', '3', '4']",5.0,5,3.3792695019589116,3.505684636503993,0.0,0.12641513454508146,20,5.568462357885551e-16,6.17284001691587e-13,4.440892098500626e-16,1025,0.0,2.220446049250313e-16,2.3951951533263127e-11,4.902762223979451e-16,3.5926817076870066e-13,1.3322676295501878e-15,0.0,0.0
K4_B4_lambda2_rho1_muvm1_muc1_hvm0p5_hc1_cb10,4,4,2.0,1.0,1.0,1.0,0.25,0.5,1.0,10.0,625,6.505591801297165,6.505591801297182,0.0,True,6.666891341985123,0.024793984254560093,6.505591801297182,0.0,0.16129954068794028,0.0,0.0,0.0,964,9.833911462919787e-12,9.585221505403752e-12,True,uniform_argmin_r_q_plus_n_for_r_ge_minimum,1.0,1,5.0,5,lexicographic_feeder_first,6.505591801297182,6,12,12,"['1', '4/3', '3/2', '2', '3', '4']",5.0,5,6.505591801297182,6.666891341985123,0.0,0.16129954068794028,20,2.1423834928313568e-16,3.836930773104541e-13,0.0,1025,0.0,2.220446049250313e-16,5.101163935705699e-11,2.26706674266719e-16,3.019806626980426e-13,1.3322676295501878e-15,1.3322676295501878e-15,0.0
K4_B4_lambda2_rho0p5_muvm2_muc1_hvm0p5_hc1_cb10,4,4,2.0,0.5,2.0,1.0,0.5,0.5,1.0,10.0,625,2.7701763305428684,2.770178201098278,6.752477772095651e-07,False,2.8558416843255636,0.030924151953138485,2.770178201098278,6.752477772095651e-07,0.08566348322728556,0.0,0.0,0.0,527,9.890754881780595e-12,9.407363776858801e-12,True,uniform_argmin_r_q_plus_n_for_r_ge_minimum,1.0,1,5.0,5,lexicographic_feeder_first,2.770178201098278,6,12,12,"['1', '4/3', '3/2', '2', '3', '4']",5.0,5,2.770178201098278,2.8558416843255636,0.0,0.08566348322728556,20,2.220446049250313e-16,2.595124115600811e-11,0.0,1025,0.0,1.1102230246251565e-16,6.235900684714579e-12,2.0816681711721685e-16,1.624567147473499e-11,0.0,0.0,0.0
K4_B4_lambda3_rho0p75_muvm2_muc1_hvm0p5_hc1_cb10,4,4,3.0,0.75,2.0,1.0,0.5,0.5,1.0,10.0,625,5.641566096528762,5.641624411944967,1.0336742529906584e-05,False,5.851657037665848,0.03723982623661079,5.641624411944967,1.0336742529906584e-05,0.21003262572088044,0.0,0.0,0.0,780,9.897860309138196e-12,9.578615678407232e-12,True,uniform_argmin_r_q_plus_n_for_r_ge_minimum,1.0,1,5.0,5,lexicographic_feeder_first,5.641624411944967,6,12,12,"['1', '4/3', '3/2', '2', '3', '4']",5.0,5,5.641624411944967,5.851657037665848,0.0,0.21003262572088044,20,5.672545766444159e-16,2.2648549702353193e-12,0.0,1025,0.0,2.220446049250313e-16,3.355715705311013e-11,3.9080067307240007e-16,1.6111556533360272e-12,8.881784197001252e-16,4.440892098500626e-16,8.881784197001252e-16
K4_B4_lambda4_rho1_muvm2_muc1_hvm0p5_hc1_cb10,4,4,4.0,1.0,2.0,1.0,0.5,0.5,1.0,10.0,625,12.009619787421268,12.009937959561697,2.6493106864334224e-05,False,12.227364512251736,0.018130859151638635,12.009937959561697,2.6493106864334224e-05,0.2174265526900392,0.0,0.0,0.0,787,9.9333874459262e-12,9.615863660883406e-12,True,uniform_argmin_r_q_plus_n_for_r_ge_minimum,1.0,1,5.0,5,lexicographic_feeder_first,12.009937959561697,6,12,12,"['1', '4/3', '3/2', '2', '3', '4']",5.0,5,12.009937959561697,12.227364512251736,0.0,0.2174265526900392,20,4.858445460179106e-16,5.950795411990839e-13,0.0,1025,0.0,2.220446049250313e-16,7.779377142469457e-11,3.008118927561032e-16,9.379164112033322e-13,8.881784197001252e-16,8.881784197001252e-16,0.0
K4_B4_lambda4_rho0p5_muvm4_muc1_hvm0p5_hc1_cb10,4,4,4.0,0.5,4.0,1.0,1.0,0.5,1.0,10.0,625,5.247871267470751,5.250929853808443,0.0005828241932400951,False,5.3532413907860565,0.020078641023160832,5.251830950971376,0.0007545313706853619,0.10231153697761375,0.0009010971629335174,0.0,0.0,830,9.897860309138196e-12,9.594713912264297e-12,True,uniform_argmin_r_q_plus_n_for_r_ge_minimum,1.0,1,3.5,7/2,open_interval_representative,5.250929853808443,6,12,12,"['1', '4/3', '3/2', '2', '3', '4']",5.0,5,5.251830950971376,5.3532413907860565,0.0009010971629335174,0.10231153697761375,20,3.000258461810512e-16,3.653966018646315e-12,1.7763568394002505e-15,1025,0.0,2.220446049250313e-16,3.001865422902483e-11,7.979727989493313e-17,1.2363443602225743e-12,0.0,4.440892098500626e-16,1.7763568394002505e-15
K4_B4_lambda6_rho0p75_muvm4_muc1_hvm0p5_hc1_cb10,4,4,6.0,0.75,4.0,1.0,1.0,0.5,1.0,10.0,625,15.391817926135351,15.397827234479601,0.0003904222602611783,False,15.535140379425835,0.009311600096771015,15.403274827093364,0.0007443500834660436,0.13731314494623348,0.005447592613762708,0.0,0.0,970,9.748646334628575e-12,9.463541061904834e-12,True,uniform_argmin_r_q_plus_n_for_r_ge_minimum,1.0,1,2.5,5/2,open_interval_representative,15.397827234479601,6,12,12,"['1', '4/3', '3/2', '2', '3', '4']",5.0,5,15.403274827093364,15.535140379425835,0.005447592613762708,0.13731314494623348,20,3.7757510063397143e-16,4.796163466380676e-13,1.7763568394002505e-15,1025,0.0,2.220446049250313e-16,1.2154011130860454e-10,3.2158452875456767e-16,5.329070518200751e-13,8.881784197001252e-16,8.881784197001252e-16,0.0
K4_B4_lambda8_rho1_muvm4_muc1_hvm0p5_hc1_cb10,4,4,8.0,1.0,4.0,1.0,1.0,0.5,1.0,10.0,625,33.880644376616516,33.88248115418349,5.421318280001017e-05,False,33.926789012712995,0.0013619763421124987,33.885564723285626,0.0001452258881034023,0.044307858529506916,0.0030835691021380285,0.0,0.0,652,9.72022462519817e-12,9.32165455935774e-12,True,uniform_argmin_r_q_plus_n_for_r_ge_minimum,1.0,1,2.5,5/2,open_interval_representative,33.88248115418349,6,12,12,"['1', '4/3', '3/2', '2', '3', '4']",5.0,5,33.885564723285626,33.926789012712995,0.0030835691021380285,0.044307858529506916,20,2.0743985109023585e-16,8.739675649849232e-13,7.105427357601002e-15,1025,0.0,2.220446049250313e-16,1.8129497902918956e-10,3.0531133177191805e-16,9.734435479913373e-13,1.7763568394002505e-15,0.0,0.0
K4_B4_lambda4_rho0p5_muvm8_muc1_hvm0p5_hc1_cb10,4,4,4.0,0.5,8.0,1.0,2.0,0.5,1.0,10.0,625,4.387414497626997,4.390985667459332,0.000813957704307714,False,4.413923283686942,0.006042006305600391,4.392376483016548,0.0011309588807337052,0.022937616227610036,0.0013908155572162073,0.0,0.0,926,9.919176591210999e-12,9.649447907378317e-12,True,uniform_argmin_r_q_plus_n_for_r_ge_minimum,1.0,1,2.5,5/2,open_interval_representative,4.390985667459332,6,12,12,"['1', '4/3', '3/2', '2', '3', '4']",5.0,5,4.392376483016548,4.413923283686942,0.0013908155572162073,0.022937616227610036,20,2.0685222198307818e-16,3.4727776210274897e-13,8.881784197001252e-16,1025,0.0,1.1102230246251565e-16,2.4950708166215918e-11,1.249000902703301e-16,3.0819791163594346e-13,4.440892098500626e-16,8.881784197001252e-16,0.0
K4_B4_lambda6_rho0p75_muvm8_muc1_hvm0p5_hc1_cb10,4,4,6.0,0.75,8.0,1.0,2.0,0.5,1.0,10.0,625,9.198194863557362,9.211090014708729,0.0014019219360591104,False,9.257145285580892,0.006408912063505834,9.223239931547747,0.002722824245614996,0.04605527087216288,0.012149916839018005,0.0,0.0,1465,9.919176591210999e-12,9.760581232143295e-12,True,uniform_argmin_r_q_plus_n_for_r_ge_minimum,1.0,1,1.75,7/4,open_interval_representative,9.211090014708729,6,12,12,"['1', '4/3', '3/2', '2', '3', '4']",5.0,5,9.223239931547747,9.257145285580892,0.012149916839018005,0.04605527087216288,20,2.3605452987261744e-16,6.767919558114954e-13,3.552713678800501e-15,1025,0.0,2.220446049250313e-16,1.1509548869526043e-10,3.3306690738754696e-16,6.235012506294879e-13,8.881784197001252e-16,1.7763568394002505e-15,0.0
K4_B4_lambda8_rho1_muvm8_muc1_hvm0p5_hc1_cb10,4,4,8.0,1.0,8.0,1.0,2.0,0.5,1.0,10.0,625,23.076391459955055,23.083675565724572,0.0003156518549339978,False,23.12285732172246,0.0020135670625989594,23.101424468538777,0.0010847886952846596,0.039181755997887535,0.017748902814204826,0.0,0.0,1260,9.79127889877418e-12,9.60720392129133e-12,True,uniform_argmin_r_q_plus_n_for_r_ge_minimum,1.0,1,1.75,7/4,open_interval_representative,23.083675565724572,6,12,12,"['1', '4/3', '3/2', '2', '3', '4']",5.0,5,23.101424468538777,23.12285732172246,0.017748902814204826,0.039181755997887535,20,2.498001805406602e-16,8.206768598029157e-13,3.552713678800501e-15,1025,0.0,2.220446049250313e-16,2.2934543153496634e-10,3.3306690738754696e-16,1.0054179711005418e-12,1.7763568394002505e-15,8.881784197001252e-16,0.0
K4_B4_lambda1_rho0p5_muvm1_muc1_hvm0p5_hc1_cb50,4,4,1.0,0.5,1.0,1.0,0.25,0.5,1.0,50.0,625,1.8453821206215677,1.8453821206215621,0.0,True,1.9158731989715754,0.03819863515653042,1.8453821206215621,0.0,0.07049107835001323,0.0,0.0,0.0,709,9.691802915767767e-12,9.312578486131429e-12,True,uniform_argmin_r_q_plus_n_for_r_ge_minimum,1.0,1,5.0,5,lexicographic_feeder_first,1.8453821206215621,6,12,12,"['1', '4/3', '3/2', '2', '3', '4']",5.0,5,1.8453821206215621,1.9158731989715754,0.0,0.07049107835001323,20,4.933221528762716e-16,1.8478552021861105e-12,2.220446049250313e-16,1025,0.0,2.220446049250313e-16,5.303757433239298e-12,5.082739784612045e-16,1.9961809982760315e-13,7.771561172376096e-16,5.551115123125783e-16,2.220446049250313e-16
K4_B4_lambda1p5_rho0p75_muvm1_muc1_hvm0p5_hc1_cb50,4,4,1.5,0.75,1.0,1.0,0.25,0.5,1.0,50.0,625,5.469658005723948,5.469658005723979,0.0,True,5.783830662225914,0.05743917739887702,5.469658005723979,0.0,0.3141726565019347,0.0,0.0,0.0,986,9.805489753489383e-12,9.562683978003861e-12,True,uniform_argmin_r_q_plus_n_for_r_ge_minimum,1.0,1,5.0,5,lexicographic_feeder_first,5.469658005723979,6,12,12,"['1', '4/3', '3/2', '2', '3', '4']",5.0,5,5.469658005723979,5.783830662225914,0.0,0.3141726565019347,20,5.568462357885551e-16,7.194245199571014e-13,8.881784197001252e-16,1025,0.0,2.220446049250313e-16,2.3520740910498716e-11,4.902762223979451e-16,5.986322548778844e-13,1.3322676295501878e-15,0.0,0.0
K4_B4_lambda2_rho1_muvm1_muc1_hvm0p5_hc1_cb50,4,4,2.0,1.0,1.0,1.0,0.25,0.5,1.0,50.0,625,16.635494573936104,16.635494573936167,0.0,True,17.21390447875074,0.03476962480699972,16.635494573936167,0.0,0.5784099048145741,0.0,0.0,0.0,1013,9.691802915767767e-12,9.50306500158149e-12,True,uniform_argmin_r_q_plus_n_for_r_ge_minimum,1.0,1,5.0,5,lexicographic_feeder_first,16.635494573936167,6,12,12,"['1', '4/3', '3/2', '2', '3', '4']",5.0,5,16.635494573936167,17.21390447875074,0.0,0.5784099048145741,20,2.1423834928313568e-16,1.0551559626037488e-12,0.0,1025,0.0,2.220446049250313e-16,5.042721795689431e-11,2.26706674266719e-16,1.1119993814645568e-12,1.3322676295501878e-15,1.3322676295501878e-15,3.552713678800501e-15
K4_B4_lambda2_rho0p5_muvm2_muc1_hvm0p5_hc1_cb50,4,4,2.0,0.5,2.0,1.0,0.5,0.5,1.0,50.0,625,3.027953641856752,3.0279536418567687,0.0,True,3.165621145668607,0.045465525597491355,3.0279536418567687,0.0,0.13766750381183845,0.0,0.0,0.0,536,9.805489753489383e-12,9.318823490644945e-12,True,uniform_argmin_r_q_plus_n_for_r_ge_minimum,1.0,1,5.0,5,lexicographic_feeder_first,3.0279536418567687,6,12,12,"['1', '4/3', '3/2', '2', '3', '4']",5.0,5,3.0279536418567687,3.165621145668607,0.0,0.13766750381183845,20,2.220446049250313e-16,1.4380052704154878e-11,0.0,1025,0.0,1.1102230246251565e-16,6.1737281953355705e-12,2.6194324487249787e-16,1.6771029009987615e-11,2.220446049250313e-16,4.440892098500626e-16,0.0
K4_B4_lambda3_rho0p75_muvm2_muc1_hvm0p5_hc1_cb50,4,4,3.0,0.75,2.0,1.0,0.5,0.5,1.0,50.0,625,10.702940755357243,10.703114979378205,1.6278144945726935e-05,False,11.399747488741667,0.06510423156697795,10.703114979378205,1.6278144945726935e-05,0.6966325093634627,0.0,0.0,0.0,815,9.890754881780595e-12,9.589218308292402e-12,True,uniform_argmin_r_q_plus_n_for_r_ge_minimum,1.0,1,5.0,5,lexicographic_feeder_first,10.703114979378205,6,12,12,"['1', '4/3', '3/2', '2', '3', '4']",5.0,5,10.703114979378205,11.399747488741667,0.0,0.6966325093634627,20,5.672545766444159e-16,3.963052108701959e-12,1.7763568394002505e-15,1025,0.0,2.220446049250313e-16,3.3590907833058736e-11,3.9080067307240007e-16,2.646771690706373e-12,8.881784197001252e-16,4.440892098500626e-16,0.0
K4_B4_lambda4_rho1_muvm2_muc1_hvm0p5_hc1_cb50,4,4,4.0,1.0,2.0,1.0,0.5,0.5,1.0,50.0,625,36.86373766366079,36.865022439001336,3.485200964335001e-05,False,37.80413222194427,0.025510016560542453,36.865022439001336,3.485200964335001e-05,0.9391097829429356,0.0,0.0,0.0,830,9.833911462919787e-12,9.527489908123243e-12,True,uniform_argmin_r_q_plus_n_for_r_ge_minimum,1.0,1,5.0,5,lexicographic_feeder_first,36.865022439001336,6,12,12,"['1', '4/3', '3/2', '2', '3', '4']",5.0,5,36.865022439001336,37.80413222194427,0.0,0.9391097829429356,20,4.858445460179106e-16,2.1174173525650986e-12,0.0,1025,0.0,2.220446049250313e-16,7.716494110354688e-11,3.008118927561032e-16,2.8776980798284058e-12,8.881784197001252e-16,8.881784197001252e-16,0.0
K4_B4_lambda4_rho0p5_muvm4_muc1_hvm0p5_hc1_cb50,4,4,4.0,0.5,4.0,1.0,1.0,0.5,1.0,50.0,625,6.818987685713484,6.827494474347699,0.0012475148843628422,False,7.079687766651875,0.03823149314150924,6.829973283685255,0.001611030621859984,0.25219329230417653,0.002478809337556065,0.0,0.0,860,9.919176591210999e-12,9.60548307560316e-12,True,uniform_argmin_r_q_plus_n_for_r_ge_minimum,1.0,1,3.5,7/2,open_interval_representative,6.827494474347699,6,12,12,"['1', '4/3', '3/2', '2', '3', '4']",5.0,5,6.829973283685255,7.079687766651875,0.002478809337556065,0.25219329230417653,20,3.000258461810512e-16,1.0818013151947525e-12,0.0,1025,0.0,2.220446049250313e-16,3.005951043633104e-11,7.979727989493313e-17,2.587263736586465e-12,0.0,4.440892098500626e-16,0.0
K4_B4_lambda6_rho0p75_muvm4_muc1_hvm0p5_hc1_cb50,4,4,6.0,0.75,4.0,1.0,1.0,0.5,1.0,50.0,625,47.06953829660349,47.095625780501756,0.0005542328402262729,False,47.695411878981716,0.013296786096229642,47.1207388371135,0.0010877638141970976,0.5997860984799601,0.0251130566117439,0.0,0.0,1024,9.777068044058979e-12,9.49906819869284e-12,True,uniform_argmin_r_q_plus_n_for_r_ge_minimum,1.0,1,2.5,5/2,open_interval_representative,47.095625780501756,6,12,12,"['1', '4/3', '3/2', '2', '3', '4']",5.0,5,47.1207388371135,47.695411878981716,0.0251130566117439,0.5997860984799601,20,3.7757510063397143e-16,2.2453150450019166e-12,7.105427357601002e-15,1025,0.0,2.220446049250313e-16,1.2187939546492998e-10,3.2158452875456767e-16,2.6076918402395677e-12,8.881784197001252e-16,8.881784197001252e-16,7.105427357601002e-15
K4_B4_lambda8_rho1_muvm4_muc1_hvm0p5_hc1_cb50,4,4,8.0,1.0,4.0,1.0,1.0,0.5,1.0,50.0,625,135.0421966947504,135.0511352837182,6.61910809107986e-05,False,135.26701419100922,0.001664794425456512,135.0663522228059,0.00017887392716295272,0.2158789072910281,0.015216939087707715,0.0,0.0,689,9.833911462919787e-12,9.471534667682135e-12,True,uniform_argmin_r_q_plus_n_for_r_ge_minimum,1.0,1,2.5,5/2,open_interval_representative,135.0511352837182,6,12,12,"['1', '4/3', '3/2', '2', '3', '4']",5.0,5,135.0663522228059,135.26701419100922,0.015216939087707715,0.2158789072910281,20,2.0743985109023585e-16,2.9842794901924208e-12,2.842170943040401e-14,1025,0.0,2.220446049250313e-16,1.8309265215066262e-10,3.0531133177191805e-16,4.689582056016661e-12,1.7763568394002505e-15,0.0,0.0
K4_B4_lambda4_rho0p5_muvm8_muc1_hvm0p5_hc1_cb50,4,4,4.0,0.5,8.0,1.0,2.0,0.5,1.0,50.0,625,4.515154067302014,4.520031627447278,0.0010802643880053707,False,4.547811810681153,0.007232918941933998,4.522282790802504,0.0015788439096941225,0.0277801832338751,0.00225116335522646,0.0,0.0,941,9.848122317634989e-12,9.58688683994069e-12,True,uniform_argmin_r_q_plus_n_for_r_ge_minimum,1.0,1,2.5,5/2,open_interval_representative,4.520031627447278,6,12,12,"['1', '4/3', '3/2', '2', '3', '4']",5.0,5,4.522282790802504,4.547811810681153,0.00225116335522646,0.0277801832338751,20,2.0685222198307818e-16,5.160316618457728e-13,0.0,1025,0.0,1.1102230246251565e-16,2.4766855233337992e-11,1.249000902703301e-16,5.311306949806749e-13,4.440892098500626e-16,8.881784197001252e-16,0.0
K4_B4_lambda6_rho0p75_muvm8_muc1_hvm0p5_hc1_cb50,4,4,6.0,0.75,8.0,1.0,2.0,0.5,1.0,50.0,625,17.9733328328619,18.013346083676005,0.00222625659838372,False,18.168437147561033,0.010855210689828783,18.06305056455224,0.004991713697434102,0.15509106388502758,0.04970448087623325,0.0,0.0,1540,9.976020010071807e-12,9.794498545545594e-12,True,uniform_argmin_r_q_plus_n_for_r_ge_minimum,1.0,1,1.75,7/4,open_interval_representative,18.013346083676005,6,12,12,"['1', '4/3', '3/2', '2', '3', '4']",5.0,5,18.06305056455224,18.168437147561033,0.04970448087623325,0.15509106388502758,20,2.3605452987261744e-16,2.071232074740692e-12,0.0,1025,0.0,2.220446049250313e-16,1.1587175663407834e-10,3.3306690738754696e-16,1.5774048733874224e-12,8.881784197001252e-16,1.7763568394002505e-15,3.552713678800501e-15
K4_B4_lambda8_rho1_muvm8_muc1_hvm0p5_hc1_cb50,4,4,8.0,1.0,8.0,1.0,2.0,0.5,1.0,50.0,625,79.15877704100977,79.19047292204338,0.00040040892770731575,False,79.36629218178419,0.002621505138550983,79.27303038435319,0.0014433439678360588,0.17581925974080548,0.08255746230980776,0.0,0.0,1332,9.890754881780595e-12,9.696687897076117e-12,True,uniform_argmin_r_q_plus_n_for_r_ge_minimum,1.0,1,1.75,7/4,open_interval_representative,79.19047292204338,6,12,12,"['1', '4/3', '3/2', '2', '3', '4']",5.0,5,79.27303038435319,79.36629218178419,0.08255746230980776,0.17581925974080548,20,2.498001805406602e-16,4.419575816427823e-12,1.4210854715202004e-14,1025,0.0,2.220446049250313e-16,2.3224799861054635e-10,3.3306690738754696e-16,5.7127635955112055e-12,1.7763568394002505e-15,8.881784197001252e-16,1.4210854715202004e-14
K4_B4_lambda1_rho0p5_muvm1_muc1_hvm1_hc1_cb1,4,4,1.0,0.5,1.0,1.0,0.25,1.0,1.0,1.0,625,2.4018877953946483,2.401887795394645,0.0,True,2.5029368489380053,0.04207068029451971,2.401887795394645,0.0,0.10104905354336013,0.0,0.0,0.0,705,9.876544027065393e-12,9.532763467490213e-12,True,uniform_argmin_r_q_plus_n_for_r_ge_minimum,1.0,1,5.0,5,lexicographic_feeder_first,2.401887795394645,6,12,12,"['1', '4/3', '3/2', '2', '3', '4']",5.0,5,2.401887795394645,2.5029368489380053,0.0,0.10104905354336013,20,4.933221528762716e-16,1.176836406102666e-12,0.0,1025,0.0,2.220446049250313e-16,5.411671111232863e-12,5.082739784612045e-16,2.3714363805993344e-13,7.771561172376096e-16,5.551115123125783e-16,0.0
K4_B4_lambda1p5_rho0p75_muvm1_muc1_hvm1_hc1_cb1,4,4,1.5,0.75,1.0,1.0,0.25,1.0,1.0,1.0,625,4.317864177223532,4.317864177223542,0.0,True,4.48620356143312,0.03898672521881722,4.317864177223542,0.0,0.1683393842095784,0.0,0.0,0.0,948,9.869438599707792e-12,9.614864460161243e-12,True,uniform_argmin_r_q_plus_n_for_r_ge_minimum,1.0,1,5.0,5,lexicographic_feeder_first,4.317864177223542,6,12,12,"['1', '4/3', '3/2', '2', '3', '4']",5.0,5,4.317864177223542,4.48620356143312,0.0,0.1683393842095784,20,5.568462357885551e-16,4.46753745109163e-13,8.881784197001252e-16,1025,0.0,2.220446049250313e-16,2.3668178528168937e-11,4.902762223979451e-16,5.400124791776761e-13,1.3322676295501878e-15,0.0,0.0
K4_B4_lambda2_rho1_muvm1_muc1_hvm1_hc1_cb1,4,4,2.0,1.0,1.0,1.0,0.25,1.0,1.0,1.0,625,6.452727354906811,6.452727354906821,0.0,True,6.587626772425719,0.020905798447586263,6.452727354906821,0.0,0.13489941751889845,0.0,0.0,0.0,948,9.79127889877418e-12,9.538148049159645e-12,True,uniform_argmin_r_q_plus_n_for_r_ge_minimum,1.0,1,5.0,5,lexicographic_feeder_first,6.452727354906821,6,12,12,"['1', '4/3', '3/2', '2', '3', '4']",5.0,5,6.452727354906821,6.587626772425719,0.0,0.13489941751889845,20,2.1423834928313568e-16,2.602362769721367e-13,0.0,1025,0.0,2.220446049250313e-16,5.0811799212624464e-11,2.26706674266719e-16,2.611244553918368e-13,1.3322676295501878e-15,1.3322676295501878e-15,0.0
K4_B4_lambda2_rho0p5_muvm2_muc1_hvm1_hc1_cb1,4,4,2.0,0.5,2.0,1.0,0.5,1.0,1.0,1.0,625,3.424352667630492,3.424357453855234,1.3977020495329098e-06,False,3.5722826110467545,0.04319938913261049,3.424357453855234,1.3977020495329098e-06,0.14792515719152055,0.0,0.0,0.0,529,9.947598300641403e-12,9.466816219827479e-12,True,uniform_argmin_r_q_plus_n_for_r_ge_minimum,1.0,1,5.0,5,lexicographic_feeder_first,3.424357453855234,6,12,12,"['1', '4/3', '3/2', '2', '3', '4']",5.0,5,3.424357453855234,3.5722826110467545,0.0,0.14792515719152055,20,2.220446049250313e-16,2.7562840898553986e-11,4.440892098500626e-16,1025,0.0,1.1102230246251565e-16,6.2732041783419845e-12,2.0816681711721685e-16,1.4316992036356169e-11,0.0,0.0,8.881784197001252e-16
K4_B4_lambda3_rho0p75_muvm2_muc1_hvm1_hc1_cb1,4,4,3.0,0.75,2.0,1.0,0.5,1.0,1.0,1.0,625,6.00550953836478,6.005578068544976,1.1411218275100864e-05,False,6.206673372347574,0.03349654724510992,6.005578068544976,1.1411218275100864e-05,0.20109530380259866,0.0,0.0,0.0,771,9.85522774499259e-12,9.532818978641444e-12,True,uniform_argmin_r_q_plus_n_for_r_ge_minimum,1.0,1,5.0,5,lexicographic_feeder_first,6.005578068544976,6,12,12,"['1', '4/3', '3/2', '2', '3', '4']",5.0,5,6.005578068544976,6.206673372347574,0.0,0.20109530380259866,20,5.672545766444159e-16,3.5011993304578937e-12,0.0,1025,0.0,2.220446049250313e-16,3.339373222388531e-11,1.5154435865916138e-16,2.0454749005693884e-12,0.0,8.881784197001252e-16,8.881784197001252e-16
K4_B4_lambda4_rho1_muvm2_muc1_hvm1_hc1_cb1,4,4,4.0,1.0,2.0,1.0,0.5,1.0,1.0,1.0,625,8.834885239324535,8.835087903375557,2.293907000850619e-05,False,8.945183555141833,0.012484408436496076,8.835087903375557,2.293907000850619e-05,0.11009565176627589,0.0,0.0,0.0,762,9.85522774499259e-12,9.537259870739945e-12,True,uniform_argmin_r_q_plus_n_for_r_ge_minimum,1.0,1,5.0,5,lexicographic_feeder_first,8.835087903375557,6,12,12,"['1', '4/3', '3/2', '2', '3', '4']",5.0,5,8.835087903375557,8.945183555141833,0.0,0.11009565176627589,20,4.858445460179106e-16,4.085620730620576e-13,1.7763568394002505e-15,1025,0.0,2.220446049250313e-16,7.717559924458328e-11,4.3369442152135784e-16,4.014566457044566e-13,8.881784197001252e-16,4.440892098500626e-16,0.0
K4_B4_lambda4_rho0p5_muvm4_muc1_hvm1_hc1_cb1,4,4,4.0,0.5,4.0,1.0,1.0,1.0,1.0,1.0,625,5.788740146732276,5.792405628374223,0.0006332088760309301,False,5.929581912432494,0.024330296771003374,5.793497852221507,0.0008218896285950692,0.13717628405827043,0.001092223847283691,0.0,0.0,826,9.769962616701378e-12,9.473755113731386e-12,True,uniform_argmin_r_q_plus_n_for_r_ge_minimum,1.0,1,3.5,7/2,open_interval_representative,5.792405628374223,6,12,12,"['1', '4/3', '3/2', '2', '3', '4']",5.0,5,5.793497852221507,5.929581912432494,0.001092223847283691,0.13717628405827043,20,3.000258461810512e-16,1.8598456108520622e-12,0.0,1025,0.0,2.220446049250313e-16,2.962696754593708e-11,7.979727989493313e-17,1.091571277811454e-12,0.0,4.440892098500626e-16,8.881784197001252e-16
K4_B4_lambda6_rho0p75_muvm4_muc1_hvm1_hc1_cb1,4,4,6.0,0.75,4.0,1.0,1.0,1.0,1.0,1.0,625,10.52866168556004,10.53164512324923,0.0002833634300627153,False,10.598158584051522,0.006600734316194769,10.533690849677662,0.0004776641388827862,0.06651346080229104,0.0020457264284310384,0.0,0.0,933,9.816147894525784e-12,9.552358903874847e-12,True,uniform_argmin_r_q_plus_n_for_r_ge_minimum,1.0,1,2.5,5/2,open_interval_representative,10.53164512324923,6,12,12,"['1', '4/3', '3/2', '2', '3', '4']",5.0,5,10.533690849677662,10.598158584051522,0.0020457264284310384,0.06651346080229104,20,3.7757510063397143e-16,1.8829382497642655e-13,1.7763568394002505e-15,1025,0.0,2.220446049250313e-16,1.2253131842498988e-10,3.2158452875456767e-16,2.8954616482224083e-13,8.881784197001252e-16,8.881784197001252e-16,1.7763568394002505e-15
K4_B4_lambda8_rho1_muvm4_muc1_hvm1_hc1_cb1,4,4,8.0,1.0,4.0,1.0,1.0,1.0,1.0,1.0,625,14.238590210072795,14.239067950076366,3.35524793201368e-05,False,14.250476695192672,0.0008348077263624297,14.23977507178713,8.321481950492072e-05,0.011408745116305852,0.000707121710764369,0.0,0.0,615,9.9262820185686e-12,9.51849710162378e-12,True,uniform_argmin_r_q_plus_n_for_r_ge_minimum,1.0,1,2.5,5/2,open_interval_representative,14.239067950076366,6,12,12,"['1', '4/3', '3/2', '2', '3', '4']",5.0,5,14.23977507178713,14.250476695192672,0.000707121710764369,0.011408745116305852,20,2.0743985109023585e-16,3.3928415632544784e-13,1.7763568394002505e-15,1025,0.0,2.220446049250313e-16,1.851514497275275e-10,3.0531133177191805e-16,2.859934511434403e-13,1.7763568394002505e-15,0.0,0.0
K4_B4_lambda4_rho0p5_muvm8_muc1_hvm1_hc1_cb1,4,4,4.0,0.5,8.0,1.0,2.0,1.0,1.0,1.0,625,4.717346188900237,4.723900652924087,0.0013894388415402715,False,4.767596730226487,0.010652290358610447,4.726295127529415,0.001897028174492404,0.04369607730239977,0.0023944746053281563,0.0,0.0,928,9.794831612452981e-12,9.53437329087592e-12,True,uniform_argmin_r_q_plus_n_for_r_ge_minimum,1.0,1,2.5,5/2,open_interval_representative,4.723900652924087,6,12,12,"['1', '4/3', '3/2', '2', '3', '4']",5.0,5,4.726295127529415,4.767596730226487,0.0023944746053281563,0.04369607730239977,20,2.0685222198307818e-16,4.289901767151605e-13,8.881784197001252e-16,1025,0.0,1.1102230246251565e-16,2.4643398432999675e-11,1.249000902703301e-16,4.085620730620576e-13,4.440892098500626e-16,8.881784197001252e-16,8.881784197001252e-16
K4_B4_lambda6_rho0p75_muvm8_muc1_hvm1_hc1_cb1,4,4,6.0,0.75,8.0,1.0,2.0,1.0,1.0,1.0,625,8.447577640927678,8.460746325437407,0.0015588710834604485,False,8.504209233270718,0.006703885391791531,8.468565078243465,0.0024844326039816372,0.04346290783331064,0.007818752806057816,0.0,0.0,1433,9.85522774499259e-12,9.685252599922478e-12,True,uniform_argmin_r_q_plus_n_for_r_ge_minimum,1.0,1,2.5,5/2,open_interval_representative,8.460746325437407,6,12,12,"['1', '4/3', '3/2', '2', '3', '4']",5.0,5,8.468565078243465,8.504209233270718,0.007818752806057816,0.04346290783331064,20,1.8041124150158794e-16,7.016609515630989e-13,0.0,1025,0.0,2.220446049250313e-16,1.142304029144725e-10,3.3306690738754696e-16,8.206768598029157e-13,8.881784197001252e-16,1.7763568394002505e-15,1.7763568394002505e-15
K4_B4_lambda8_rho1_muvm8_muc1_hvm1_hc1_cb1,4,4,8.0,1.0,8.0,1.0,2.0,1.0,1.0,1.0,625,12.915704632275572,12.91929232110568,0.00027777724346078364,False,12.936168956417143,0.0015844527824236422,12.925626274961067,0.0007681843900874643,0.016876635311463772,0.006333953855387264,0.0,0.0,1201,9.844569603956188e-12,9.641731857357172e-12,True,uniform_argmin_r_q_plus_n_for_r_ge_minimum,1.0,1,1.75,7/4,open_interval_representative,12.91929232110568,6,12,12,"['1', '4/3', '3/2', '2', '3', '4']",5.0,5,12.925626274961067,12.936168956417143,0.006333953855387264,0.016876635311463772,20,2.498001805406602e-16,3.446132268436486e-13,1.7763568394002505e-15,1025,0.0,2.220446049250313e-16,2.3037216578813968e-10,2.220446049250313e-16,4.334310688136611e-13,8.881784197001252e-16,1.7763568394002505e-15,1.7763568394002505e-15
K4_B4_lambda1_rho0p5_muvm1_muc1_hvm1_hc1_cb10,4,4,1.0,0.5,1.0,1.0,0.25,1.0,1.0,10.0,625,2.4284172649113467,2.4284172649113427,0.0,True,2.533133644254804,0.043121246441673686,2.4284172649113427,0.0,0.10471637934346134,0.0,0.0,0.0,707,9.976020010071807e-12,9.609646411945505e-12,True,uniform_argmin_r_q_plus_n_for_r_ge_minimum,1.0,1,5.0,5,lexicographic_feeder_first,2.4284172649113427,6,12,12,"['1', '4/3', '3/2', '2', '3', '4']",5.0,5,2.4284172649113427,2.533133644254804,0.0,0.10471637934346134,20,4.933221528762716e-16,1.319833131674386e-12,4.440892098500626e-16,1025,0.0,2.220446049250313e-16,5.465405905624721e-12,5.082739784612045e-16,2.402522625288839e-13,7.771561172376096e-16,5.551115123125783e-16,4.440892098500626e-16
K4_B4_lambda1p5_rho0p75_muvm1_muc1_hvm1_hc1_cb10,4,4,1.5,0.75,1.0,1.0,0.25,1.0,1.0,10.0,625,4.788201590570667,4.788201590570682,0.0,True,4.998786417220551,0.04397994166840969,4.788201590570682,0.0,0.21058482664986933,0.0,0.0,0.0,960,9.990230864787009e-12,9.702350034501706e-12,True,uniform_argmin_r_q_plus_n_for_r_ge_minimum,1.0,1,5.0,5,lexicographic_feeder_first,4.788201590570682,6,12,12,"['1', '4/3', '3/2', '2', '3', '4']",5.0,5,4.788201590570682,4.998786417220551,0.0,0.21058482664986933,20,5.568462357885551e-16,5.613287612504791e-13,0.0,1025,0.0,2.220446049250313e-16,2.389022313309397e-11,4.902762223979451e-16,6.217248937900877e-13,1.3322676295501878e-15,0.0,8.881784197001252e-16
K4_B4_lambda2_rho1_muvm1_muc1_hvm1_hc1_cb10,4,4,2.0,1.0,1.0,1.0,0.25,1.0,1.0,10.0,625,8.731955478750573,8.731955478750592,0.0,True,8.960704728197983,0.026196795208596482,8.731955478750592,0.0,0.22874924944739128,0.0,0.0,0.0,972,9.947598300641403e-12,9.639400389005459e-12,True,uniform_argmin_r_q_plus_n_for_r_ge_minimum,1.0,1,5.0,5,lexicographic_feeder_first,8.731955478750592,6,12,12,"['1', '4/3', '3/2', '2', '3', '4']",5.0,5,8.731955478750592,8.960704728197983,0.0,0.22874924944739128,20,2.1423834928313568e-16,3.304023721284466e-13,0.0,1025,0.0,2.220446049250313e-16,5.1455728566907055e-11,2.26706674266719e-16,4.4586556668946287e-13,1.3322676295501878e-15,1.3322676295501878e-15,1.7763568394002505e-15
K4_B4_lambda2_rho0p5_muvm2_muc1_hvm1_hc1_cb10,4,4,2.0,0.5,2.0,1.0,0.5,1.0,1.0,10.0,625,3.4823526643581144,3.4823569280258946,1.2243641558212905e-06,False,3.6419829898489393,0.04583979305848071,3.4823569280258946,1.2243641558212905e-06,0.15962606182304473,0.0,0.0,0.0,532,9.528378086542943e-12,9.05514552229647e-12,True,uniform_argmin_r_q_plus_n_for_r_ge_minimum,1.0,1,5.0,5,lexicographic_feeder_first,3.4823569280258946,6,12,12,"['1', '4/3', '3/2', '2', '3', '4']",5.0,5,3.4823569280258946,3.6419829898489393,0.0,0.15962606182304473,20,2.220446049250313e-16,1.4358292332872225e-11,0.0,1025,0.0,1.1102230246251565e-16,6.008082920061497e-12,2.0816681711721685e-16,1.8316015371055983e-11,0.0,0.0,4.440892098500626e-16
K4_B4_lambda3_rho0p75_muvm2_muc1_hvm1_hc1_cb10,4,4,3.0,0.75,2.0,1.0,0.5,1.0,1.0,10.0,625,7.144322894821113,7.144413446217454,1.2674594594096057e-05,False,7.454993723839635,0.04348499271270705,7.144413446217454,1.2674594594096057e-05,0.3105802776221811,0.0,0.0,0.0,786,9.976020010071807e-12,9.657386002004387e-12,True,uniform_argmin_r_q_plus_n_for_r_ge_minimum,1.0,1,5.0,5,lexicographic_feeder_first,7.144413446217454,6,12,12,"['1', '4/3', '3/2', '2', '3', '4']",5.0,5,7.144413446217454,7.454993723839635,0.0,0.3105802776221811,20,5.672545766444159e-16,2.3021584638627246e-12,8.881784197001252e-16,1025,0.0,2.220446049250313e-16,3.381916968692167e-11,3.9080067307240007e-16,3.1592506388733455e-12,8.881784197001252e-16,4.440892098500626e-16,8.881784197001252e-16
K4_B4_lambda4_rho1_muvm2_muc1_hvm1_hc1_cb10,4,4,4.0,1.0,2.0,1.0,0.5,1.0,1.0,10.0,625,14.42706305268864,14.427481911249476,2.9032836365014428e-05,False,14.699956289822653,0.018915370102521107,14.427481911249476,2.9032836365014428e-05,0.27247437857317713,0.0,0.0,0.0,791,9.890754881780595e-12,9.574785408972275e-12,True,uniform_argmin_r_q_plus_n_for_r_ge_minimum,1.0,1,5.0,5,lexicographic_feeder_first,14.427481911249476,6,12,12,"['1', '4/3', '3/2', '2', '3', '4']",5.0,5,14.427481911249476,14.699956289822653,0.0,0.27247437857317713,20,4.858445460179106e-16,9.912071163853398e-13,1.7763568394002505e-15,1025,0.0,2.220446049250313e-16,7.745981633888732e-11,3.008118927561032e-16,1.2185807918285718e-12,8.881784197001252e-16,8.881784197001252e-16,0.0
K4_B4_lambda4_rho0p5_muvm4_muc1_hvm1_hc1_cb10,4,4,4.0,0.5,4.0,1.0,1.0,1.0,1.0,10.0,625,6.1422413408368906,6.147132667995555,0.000796342391521514,False,6.318032347002303,0.02862000960409358,6.148579877082129,0.0010319581881449156,0.17089967900674807,0.0014472090865744747,0.0,0.0,836,9.983125437429408e-12,9.687917135181578e-12,True,uniform_argmin_r_q_plus_n_for_r_ge_minimum,1.0,1,3.5,7/2,open_interval_representative,6.147132667995555,6,12,12,"['1', '4/3', '3/2', '2', '3', '4']",5.0,5,6.148579877082129,6.318032347002303,0.0014472090865744747,0.17089967900674807,20,3.000258461810512e-16,2.453148795211746e-12,8.881784197001252e-16,1025,0.0,2.220446049250313e-16,3.029843043123037e-11,7.979727989493313e-17,1.2967404927621828e-12,0.0,4.440892098500626e-16,8.881784197001252e-16
K4_B4_lambda6_rho0p75_muvm4_muc1_hvm1_hc1_cb10,4,4,6.0,0.75,4.0,1.0,1.0,1.0,1.0,10.0,625,17.65614876891537,17.663649796104217,0.0004248393739213399,False,17.834219671451596,0.01008548947263804,17.670120251932193,0.0007913097697399371,0.170569875347379,0.006470455827976451,0.0,0.0,973,9.976020010071807e-12,9.707235015810056e-12,True,uniform_argmin_r_q_plus_n_for_r_ge_minimum,1.0,1,2.5,5/2,open_interval_representative,17.663649796104217,6,12,12,"['1', '4/3', '3/2', '2', '3', '4']",5.0,5,17.670120251932193,17.834219671451596,0.006470455827976451,0.170569875347379,20,3.7757510063397143e-16,5.577760475716786e-13,0.0,1025,0.0,2.220446049250313e-16,1.2458656328817597e-10,3.2158452875456767e-16,5.719869022868806e-13,8.881784197001252e-16,8.881784197001252e-16,3.552713678800501e-15
K4_B4_lambda8_rho1_muvm4_muc1_hvm1_hc1_cb10,4,4,8.0,1.0,4.0,1.0,1.0,1.0,1.0,10.0,625,36.999939481652916,37.00201512922168,5.609867469635894e-05,False,37.05202736030933,0.0014077828068406466,37.005452259179194,0.00014899423089627365,0.050012231087649184,0.003437129957511331,0.0,0.0,653,9.819700608204585e-12,9.423573033018329e-12,True,uniform_argmin_r_q_plus_n_for_r_ge_minimum,1.0,1,2.5,5/2,open_interval_representative,37.00201512922168,6,12,12,"['1', '4/3', '3/2', '2', '3', '4']",5.0,5,37.005452259179194,37.05202736030933,0.003437129957511331,0.050012231087649184,20,2.0743985109023585e-16,8.526512829121202e-13,7.105427357601002e-15,1025,0.0,2.220446049250313e-16,1.8323476069781464e-10,3.0531133177191805e-16,1.3997691894473974e-12,1.7763568394002505e-15,0.0,0.0
K4_B4_lambda4_rho0p5_muvm8_muc1_hvm1_hc1_cb10,4,4,4.0,0.5,8.0,1.0,2.0,1.0,1.0,10.0,625,4.7460875920771155,4.752935993921375,0.0014429573225096428,False,4.7977216488001835,0.010879288618537788,4.755524046781255,0.001988259702558373,0.044785654878808145,0.0025880528598793973,0.0,0.0,931,9.99733629214461e-12,9.727024741224e-12,True,uniform_argmin_r_q_plus_n_for_r_ge_minimum,1.0,1,2.5,5/2,open_interval_representative,4.752935993921375,6,12,12,"['1', '4/3', '3/2', '2', '3', '4']",5.0,5,4.755524046781255,4.7977216488001835,0.0025880528598793973,0.044785654878808145,20,2.0685222198307818e-16,5.702105454474804e-13,1.7763568394002505e-15,1025,0.0,1.1102230246251565e-16,2.5146107418549946e-11,1.249000902703301e-16,3.0109248427834245e-13,4.440892098500626e-16,8.881784197001252e-16,0.0
K4_B4_lambda6_rho0p75_muvm8_muc1_hvm1_hc1_cb10,4,4,6.0,0.75,8.0,1.0,2.0,1.0,1.0,10.0,625,10.4219836840212,10.441672413899823,0.0018891537806579087,False,10.50924990221625,0.00837328294121646,10.457522470669478,0.0034099829481373453,0.06757748831642729,0.01585005676965423,0.0,0.0,1474,9.947598300641403e-12,9.782286092274717e-12,True,uniform_argmin_r_q_plus_n_for_r_ge_minimum,1.0,1,1.75,7/4,open_interval_representative,10.441672413899823,6,12,12,"['1', '4/3', '3/2', '2', '3', '4']",5.0,5,10.457522470669478,10.50924990221625,0.01585005676965423,0.06757748831642729,20,2.3605452987261744e-16,1.0533796057643485e-12,1.7763568394002505e-15,1025,0.0,2.220446049250313e-16,1.1533707322541886e-10,3.3306690738754696e-16,7.229772336359019e-13,8.881784197001252e-16,1.7763568394002505e-15,1.7763568394002505e-15
K4_B4_lambda8_rho1_muvm8_muc1_hvm1_hc1_cb10,4,4,8.0,1.0,8.0,1.0,2.0,1.0,1.0,10.0,625,25.534246164172806,25.543321726277412,0.0003554270623951158,False,25.590941799931027,0.002220376328860279,25.56423760601931,0.00117455755903952,0.04762007365361498,0.020915879741899346,0.0,0.0,1264,9.79127889877418e-12,9.591438754341652e-12,True,uniform_argmin_r_q_plus_n_for_r_ge_minimum,1.0,1,1.75,7/4,open_interval_representative,25.543321726277412,6,12,12,"['1', '4/3', '3/2', '2', '3', '4']",5.0,5,25.56423760601931,25.590941799931027,0.020915879741899346,0.04762007365361498,20,2.498001805406602e-16,1.2185807918285718e-12,3.552713678800501e-15,1025,0.0,2.220446049250313e-16,2.290931888637715e-10,3.3306690738754696e-16,9.094947017729282e-13,1.7763568394002505e-15,8.881784197001252e-16,0.0
K4_B4_lambda1_rho0p5_muvm1_muc1_hvm1_hc1_cb50,4,4,1.0,0.5,1.0,1.0,0.25,1.0,1.0,50.0,625,2.5463260183188914,2.5463260183188847,0.0,True,2.6673416234405773,0.04752557380754473,2.5463260183188847,0.0,0.12101560512169263,0.0,0.0,0.0,716,9.72022462519817e-12,9.358014363414213e-12,True,uniform_argmin_r_q_plus_n_for_r_ge_minimum,1.0,1,5.0,5,lexicographic_feeder_first,2.5463260183188847,6,12,12,"['1', '4/3', '3/2', '2', '3', '4']",5.0,5,2.5463260183188847,2.6673416234405773,0.0,0.12101560512169263,20,4.933221528762716e-16,1.3882228699912957e-12,0.0,1025,0.0,2.220446049250313e-16,5.31841237716435e-12,5.082739784612045e-16,4.3076653355456074e-13,7.771561172376096e-16,5.551115123125783e-16,4.440892098500626e-16
K4_B4_lambda1p5_rho0p75_muvm1_muc1_hvm1_hc1_cb50,4,4,1.5,0.75,1.0,1.0,0.25,1.0,1.0,50.0,625,6.878590094335714,6.878590094335749,0.0,True,7.276932442942472,0.05791046466553946,6.878590094335749,0.0,0.39834234860672346,0.0,0.0,0.0,991,9.748646334628575e-12,9.488854146866288e-12,True,uniform_argmin_r_q_plus_n_for_r_ge_minimum,1.0,1,5.0,5,lexicographic_feeder_first,6.878590094335749,6,12,12,"['1', '4/3', '3/2', '2', '3', '4']",5.0,5,6.878590094335749,7.276932442942472,0.0,0.39834234860672346,20,5.568462357885551e-16,9.547918011776346e-13,0.0,1025,0.0,2.220446049250313e-16,2.34008368238392e-11,4.902762223979451e-16,6.723510637129948e-13,1.3322676295501878e-15,0.0,8.881784197001252e-16
K4_B4_lambda2_rho1_muvm1_muc1_hvm1_hc1_cb50,4,4,2.0,1.0,1.0,1.0,0.25,1.0,1.0,50.0,625,18.86185825138951,18.861858251389574,0.0,True,19.507717864963606,0.03424156861779603,18.861858251389574,0.0,0.6458596135740322,0.0,0.0,0.0,1015,9.890754881780595e-12,9.560796598861998e-12,True,uniform_argmin_r_q_plus_n_for_r_ge_minimum,1.0,1,5.0,5,lexicographic_feeder_first,18.861858251389574,6,12,12,"['1', '4/3', '3/2', '2', '3', '4']",5.0,5,18.861858251389574,19.507717864963606,0.0,0.6458596135740322,20,2.1423834928313568e-16,1.1439738045737613e-12,3.552713678800501e-15,1025,0.0,2.220446049250313e-16,5.10489428506844e-11,2.26706674266719e-16,1.1439738045737613e-12,1.3322676295501878e-15,1.3322676295501878e-15,3.552713678800501e-15
K4_B4_lambda2_rho0p5_muvm2_muc1_hvm1_hc1_cb50,4,4,2.0,0.5,2.0,1.0,0.5,1.0,1.0,50.0,625,3.7401304275919904,3.7401323687843853,5.190172996393054e-07,False,3.9517624511919833,0.05658412926959021,3.7401323687843853,5.190172996393054e-07,0.21163008240759806,0.0,0.0,0.0,539,9.72022462519817e-12,9.2603147372472e-12,True,uniform_argmin_r_q_plus_n_for_r_ge_minimum,1.0,1,5.0,5,lexicographic_feeder_first,3.7401323687843853,6,12,12,"['1', '4/3', '3/2', '2', '3', '4']",5.0,5,3.7401323687843853,3.9517624511919833,0.0,0.21163008240759806,20,2.220446049250313e-16,1.2730705378771745e-11,0.0,1025,0.0,1.1102230246251565e-16,6.132427898819515e-12,2.0816681711721685e-16,2.213873528944532e-11,0.0,0.0,4.440892098500626e-16
K4_B4_lambda3_rho0p75_muvm2_muc1_hvm1_hc1_cb50,4,4,3.0,0.75,2.0,1.0,0.5,1.0,1.0,50.0,625,12.205697553649596,12.20590401365069,1.6915051367290023e-05,False,13.003084174915458,0.06532904963120577,12.20590401365069,1.6915051367290023e-05,0.7971801612647678,0.0,0.0,0.0,817,9.947598300641403e-12,9.64828217320246e-12,True,uniform_argmin_r_q_plus_n_for_r_ge_minimum,1.0,1,5.0,5,lexicographic_feeder_first,12.20590401365069,6,12,12,"['1', '4/3', '3/2', '2', '3', '4']",5.0,5,12.20590401365069,13.003084174915458,0.0,0.7971801612647678,20,5.672545766444159e-16,2.8492763703980017e-12,1.7763568394002505e-15,1025,0.0,2.220446049250313e-16,3.369216017290455e-11,3.9080067307240007e-16,3.440803197918285e-12,8.881784197001252e-16,4.440892098500626e-16,0.0
K4_B4_lambda4_rho1_muvm2_muc1_hvm1_hc1_cb50,4,4,4.0,1.0,2.0,1.0,0.5,1.0,1.0,50.0,625,39.281180928928165,39.28256639068911,3.527036937747651e-05,False,40.27672399951519,0.025344020903757238,39.28256639068911,3.527036937747651e-05,0.9941576088260788,0.0,0.0,0.0,831,9.833911462919787e-12,9.549250279405896e-12,True,uniform_argmin_r_q_plus_n_for_r_ge_minimum,1.0,1,5.0,5,lexicographic_feeder_first,39.28256639068911,6,12,12,"['1', '4/3', '3/2', '2', '3', '4']",5.0,5,39.28256639068911,40.27672399951519,0.0,0.9941576088260788,20,4.858445460179106e-16,1.8829382497642655e-12,0.0,1025,0.0,2.220446049250313e-16,7.711520311204367e-11,3.008118927561032e-16,3.552713678800501e-12,8.881784197001252e-16,8.881784197001252e-16,0.0
K4_B4_lambda4_rho0p5_muvm4_muc1_hvm1_hc1_cb50,4,4,4.0,0.5,4.0,1.0,1.0,1.0,1.0,50.0,625,7.713357759079622,7.723697288534809,0.0013404706196878241,False,8.044478722868122,0.042928251758934506,7.726722209796008,0.0017326372163477643,0.3207814343333135,0.0030249212611987986,0.0,0.0,863,9.833911462919787e-12,9.494460773140645e-12,True,uniform_argmin_r_q_plus_n_for_r_ge_minimum,1.0,1,3.5,7/2,open_interval_representative,7.723697288534809,6,12,12,"['1', '4/3', '3/2', '2', '3', '4']",5.0,5,7.726722209796008,8.044478722868122,0.0030249212611987986,0.3207814343333135,20,3.000258461810512e-16,2.26840768391412e-12,8.881784197001252e-16,1025,0.0,2.220446049250313e-16,2.973088442104199e-11,7.979727989493313e-17,1.3420375921668892e-12,0.0,4.440892098500626e-16,8.881784197001252e-16
K4_B4_lambda6_rho0p75_muvm4_muc1_hvm1_hc1_cb50,4,4,6.0,0.75,4.0,1.0,1.0,1.0,1.0,50.0,625,49.33386913938351,49.36144834212638,0.0005590318218291559,False,49.99449117100747,0.01339084169047224,49.38758426195232,0.001088808226596797,0.6330428288810879,0.02613591982593988,0.0,0.0,1025,9.72022462519817e-12,9.49862410948299e-12,True,uniform_argmin_r_q_plus_n_for_r_ge_minimum,1.0,1,2.5,5/2,open_interval_representative,49.36144834212638,6,12,12,"['1', '4/3', '3/2', '2', '3', '4']",5.0,5,49.38758426195232,49.99449117100747,0.02613591982593988,0.6330428288810879,20,3.7757510063397143e-16,2.0392576516314875e-12,0.0,1025,0.0,2.220446049250313e-16,1.2174439234513557e-10,3.2158452875456767e-16,3.488764832582092e-12,8.881784197001252e-16,8.881784197001252e-16,0.0
K4_B4_lambda8_rho1_muvm4_muc1_hvm1_hc1_cb50,4,4,8.0,1.0,4.0,1.0,1.0,1.0,1.0,50.0,625,138.1614917997868,138.1706692587564,6.642559261655955e-05,False,138.3922525386056,0.0016702247190062813,138.18623975869946,0.00017912341992165553,0.2215832798491988,0.015570499943066807,0.0,0.0,689,9.947598300641403e-12,9.518608123926242e-12,True,uniform_argmin_r_q_plus_n_for_r_ge_minimum,1.0,1,2.5,5/2,open_interval_representative,138.1706692587564,6,12,12,"['1', '4/3', '3/2', '2', '3', '4']",5.0,5,138.18623975869946,138.3922525386056,0.015570499943066807,0.2215832798491988,20,2.0743985109023585e-16,3.666400516522117e-12,2.842170943040401e-14,1025,0.0,2.220446049250313e-16,1.850821718107909e-10,3.0531133177191805e-16,3.524291969370097e-12,1.7763568394002505e-15,0.0,0.0
K4_B4_lambda4_rho0p5_muvm8_muc1_hvm1_hc1_cb50,4,4,4.0,0.5,8.0,1.0,2.0,1.0,1.0,50.0,625,4.873827161752132,4.88198195390932,0.0016731804158308375,False,4.931610175794395,0.011855778246656198,4.8854303545672115,0.0023807148735467596,0.049628221885074986,0.003448400657891426,0.0,0.0,945,9.762857189343777e-12,9.507200582348219e-12,True,uniform_argmin_r_q_plus_n_for_r_ge_minimum,1.0,1,2.5,5/2,open_interval_representative,4.88198195390932,6,12,12,"['1', '4/3', '3/2', '2', '3', '4']",5.0,5,4.8854303545672115,4.931610175794395,0.003448400657891426,0.049628221885074986,20,2.0685222198307818e-16,5.693223670277803e-13,0.0,1025,0.0,1.1102230246251565e-16,2.4567903267325164e-11,1.249000902703301e-16,5.426770144367765e-13,4.440892098500626e-16,8.881784197001252e-16,0.0
K4_B4_lambda6_rho0p75_muvm8_muc1_hvm1_hc1_cb50,4,4,6.0,0.75,8.0,1.0,2.0,1.0,1.0,50.0,625,19.197121653325734,19.2439284828671,0.0024382212285068475,False,19.420541764196393,0.011638208836997899,19.297333103673974,0.005220128942136466,0.176613281329292,0.05340462080687303,0.0,0.0,1543,9.890754881780595e-12,9.763745367763477e-12,True,uniform_argmin_r_q_plus_n_for_r_ge_minimum,1.0,1,1.75,7/4,open_interval_representative,19.2439284828671,6,12,12,"['1', '4/3', '3/2', '2', '3', '4']",5.0,5,19.297333103673974,19.420541764196393,0.05340462080687303,0.176613281329292,20,2.3605452987261744e-16,2.6147972675971687e-12,3.552713678800501e-15,1025,0.0,2.220446049250313e-16,1.1503686891956022e-10,3.3306690738754696e-16,1.3642420526593924e-12,8.881784197001252e-16,1.7763568394002505e-15,3.552713678800501e-15
K4_B4_lambda8_rho1_muvm8_muc1_hvm1_hc1_cb50,4,4,8.0,1.0,8.0,1.0,2.0,1.0,1.0,50.0,625,81.61663174522751,81.65011908259622,0.00041030040878487775,False,81.83437665999277,0.002667898810685665,81.73584352183373,0.0014606309284895466,0.1842575773965507,0.08572443923750939,0.0,0.0,1333,9.890754881780595e-12,9.677592061052565e-12,True,uniform_argmin_r_q_plus_n_for_r_ge_minimum,1.0,1,1.75,7/4,open_interval_representative,81.65011908259622,6,12,12,"['1', '4/3', '3/2', '2', '3', '4']",5.0,5,81.73584352183373,81.83437665999277,0.08572443923750939,0.1842575773965507,20,2.498001805406602e-16,4.163780431554187e-12,1.4210854715202004e-14,1025,0.0,2.220446049250313e-16,2.3145219074649503e-10,3.3306690738754696e-16,4.931166586175095e-12,1.7763568394002505e-15,8.881784197001252e-16,0.0
K4_B4_lambda1_rho0p5_muvm1_muc1_hvm2_hc1_cb1,4,4,1.0,0.5,1.0,1.0,0.25,2.0,1.0,1.0,625,3.803775590789297,3.8037755907892907,0.0,True,4.005873697876009,0.05313092275372001,3.8037755907892907,0.0,0.20209810708671805,0.0,0.0,0.0,719,9.876544027065393e-12,9.542533430106914e-12,True,uniform_argmin_r_q_plus_n_for_r_ge_minimum,1.0,1,5.0,5,lexicographic_feeder_first,3.8037755907892907,6,12,12,"['1', '4/3', '3/2', '2', '3', '4']",5.0,5,3.8037755907892907,4.005873697876009,0.0,0.20209810708671805,20,4.933221528762716e-16,2.1245227799226996e-12,4.440892098500626e-16,1025,0.0,2.220446049250313e-16,5.416112003331364e-12,5.082739784612045e-16,3.774758283725532e-13,7.771561172376096e-16,5.551115123125783e-16,4.440892098500626e-16
K4_B4_lambda1p5_rho0p75_muvm1_muc1_hvm2_hc1_cb1,4,4,1.5,0.75,1.0,1.0,0.25,2.0,1.0,1.0,625,7.135728354447065,7.1357283544470835,0.0,True,7.472407122866237,0.04718211676448557,7.1357283544470835,0.0,0.33667876841915323,0.0,0.0,0.0,969,9.876544027065393e-12,9.598988270909103e-12,True,uniform_argmin_r_q_plus_n_for_r_ge_minimum,1.0,1,5.0,5,lexicographic_feeder_first,7.1357283544470835,6,12,12,"['1', '4/3', '3/2', '2', '3', '4']",5.0,5,7.1357283544470835,7.472407122866237,0.0,0.33667876841915323,20,5.568462357885551e-16,8.730793865652231e-13,0.0,1025,0.0,2.220446049250313e-16,2.3669066706588637e-11,4.902762223979451e-16,1.2176926134088717e-12,1.3322676295501878e-15,0.0,0.0
K4_B4_lambda2_rho1_muvm1_muc1_hvm2_hc1_cb1,4,4,2.0,1.0,1.0,1.0,0.25,2.0,1.0,1.0,625,10.905454709813624,10.905454709813641,0.0,True,11.17525354485144,0.024739806107766354,10.905454709813641,0.0,0.26979883503779867,0.0,0.0,0.0,969,9.86233317235019e-12,9.584333326984051e-12,True,uniform_argmin_r_q_plus_n_for_r_ge_minimum,1.0,1,5.0,5,lexicographic_feeder_first,10.905454709813641,6,12,12,"['1', '4/3', '3/2', '2', '3', '4']",5.0,5,10.905454709813641,11.17525354485144,0.0,0.26979883503779867,20,2.1423834928313568e-16,5.044853423896711e-13,1.7763568394002505e-15,1025,0.0,2.220446049250313e-16,5.10755882032754e-11,2.26706674266719e-16,4.192202140984591e-13,1.3322676295501878e-15,1.3322676295501878e-15,1.7763568394002505e-15
K4_B4_lambda2_rho0p5_muvm2_muc1_hvm2_hc1_cb1,4,4,2.0,0.5,2.0,1.0,0.5,2.0,1.0,1.0,625,4.848705335260985,4.848714907710467,1.974227926855376e-06,False,5.144565222093506,0.061018326826535525,4.848714907710467,1.974227926855376e-06,0.2958503143830393,0.0,0.0,0.0,537,9.521272659185342e-12,9.054534899632927e-12,True,uniform_argmin_r_q_plus_n_for_r_ge_minimum,1.0,1,5.0,5,lexicographic_feeder_first,4.848714907710467,6,12,12,"['1', '4/3', '3/2', '2', '3', '4']",5.0,5,4.848714907710467,5.144565222093506,0.0,0.2958503143830393,20,2.220446049250313e-16,2.900613083056669e-11,8.881784197001252e-16,1025,0.0,1.1102230246251565e-16,5.999645225074346e-12,2.0816681711721685e-16,2.3743673693843448e-11,0.0,0.0,8.881784197001252e-16
K4_B4_lambda3_rho0p75_muvm2_muc1_hvm2_hc1_cb1,4,4,3.0,0.75,2.0,1.0,0.5,2.0,1.0,1.0,625,9.011019076729559,9.011156137089948,1.5210306317421484e-05,False,9.413346744695152,0.04464840930196028,9.011156137089948,1.5210306317421484e-05,0.4021906076052044,0.0,0.0,0.0,785,9.983125437429408e-12,9.663159161732437e-12,True,uniform_argmin_r_q_plus_n_for_r_ge_minimum,1.0,1,5.0,5,lexicographic_feeder_first,9.011156137089948,6,12,12,"['1', '4/3', '3/2', '2', '3', '4']",5.0,5,9.011156137089948,9.413346744695152,0.0,0.4021906076052044,20,5.672545766444159e-16,6.4996896753655165e-12,0.0,1025,0.0,2.220446049250313e-16,3.384670321793237e-11,1.5154435865916138e-16,3.694822225952521e-12,0.0,8.881784197001252e-16,1.7763568394002505e-15
K4_B4_lambda4_rho1_muvm2_muc1_hvm2_hc1_cb1,4,4,4.0,1.0,2.0,1.0,0.5,2.0,1.0,1.0,625,13.669770478649069,13.670175806751113,2.965141972771616e-05,False,13.890367110283666,0.016137551978590226,13.670175806751113,2.965141972771616e-05,0.22019130353255356,0.0,0.0,0.0,777,9.741540907270974e-12,9.422240765388779e-12,True,uniform_argmin_r_q_plus_n_for_r_ge_minimum,1.0,1,5.0,5,lexicographic_feeder_first,13.670175806751113,6,12,12,"['1', '4/3', '3/2', '2', '3', '4']",5.0,5,13.670175806751113,13.890367110283666,0.0,0.22019130353255356,20,4.858445460179106e-16,1.8136603330276557e-12,0.0,1025,0.0,2.220446049250313e-16,7.624834097441635e-11,4.3369442152135784e-16,9.183764859699295e-13,8.881784197001252e-16,4.440892098500626e-16,1.7763568394002505e-15
K4_B4_lambda4_rho0p5_muvm4_muc1_hvm2_hc1_cb1,4,4,4.0,0.5,4.0,1.0,1.0,2.0,1.0,1.0,625,7.5774802934645535,7.584811256748447,0.0009674671526649808,False,7.859163824864987,0.037173772875843746,7.586995704443013,0.0012557486934893815,0.27435256811653996,0.0021844476945664937,0.0,0.0,839,9.698908343125368e-12,9.400369371803663e-12,True,uniform_argmin_r_q_plus_n_for_r_ge_minimum,1.0,1,3.5,7/2,open_interval_representative,7.584811256748447,6,12,12,"['1', '4/3', '3/2', '2', '3', '4']",5.0,5,7.586995704443013,7.859163824864987,0.0021844476945664937,0.27435256811653996,20,3.000258461810512e-16,4.4577674884749285e-12,0.0,1025,0.0,2.220446049250313e-16,2.941114018994995e-11,7.979727989493313e-17,1.652011860642233e-12,0.0,4.440892098500626e-16,0.0
K4_B4_lambda6_rho0p75_muvm4_muc1_hvm2_hc1_cb1,4,4,6.0,0.75,4.0,1.0,1.0,2.0,1.0,1.0,625,15.057323371120079,15.063290246498457,0.0003962772951946457,False,15.196317168103038,0.009230976419723359,15.067381699355321,0.0006680024056954437,0.1330269216045803,0.004091452856863853,0.0,0.0,950,9.85522774499259e-12,9.595102490322915e-12,True,uniform_argmin_r_q_plus_n_for_r_ge_minimum,1.0,1,2.5,5/2,open_interval_representative,15.063290246498457,6,12,12,"['1', '4/3', '3/2', '2', '3', '4']",5.0,5,15.067381699355321,15.196317168103038,0.004091452856863853,0.1330269216045803,20,3.7757510063397143e-16,4.3876013933186186e-13,1.7763568394002505e-15,1025,0.0,2.220446049250313e-16,1.2306600183364935e-10,3.2158452875456767e-16,4.1744385725905886e-13,8.881784197001252e-16,8.881784197001252e-16,1.7763568394002505e-15
K4_B4_lambda8_rho1_muvm4_muc1_hvm2_hc1_cb1,4,4,8.0,1.0,4.0,1.0,1.0,2.0,1.0,1.0,625,20.47718042014559,20.47813590015273,4.666072122894317e-05,False,20.500953390385344,0.0011609493959610978,20.479550143574265,0.00011572508421831748,0.022817490232615256,0.0014142434215358435,0.0,0.0,625,9.706013770482969e-12,9.3084429053647e-12,True,uniform_argmin_r_q_plus_n_for_r_ge_minimum,1.0,1,2.5,5/2,open_interval_representative,20.47813590015273,6,12,12,"['1', '4/3', '3/2', '2', '3', '4']",5.0,5,20.479550143574265,20.500953390385344,0.0014142434215358435,0.022817490232615256,20,2.0743985109023585e-16,5.080380560684716e-13,0.0,1025,0.0,2.220446049250313e-16,1.8108892163581913e-10,3.0531133177191805e-16,3.481659405224491e-13,1.7763568394002505e-15,0.0,3.552713678800501e-15
K4_B4_lambda4_rho0p5_muvm8_muc1_hvm2_hc1_cb1,4,4,4.0,0.5,8.0,1.0,2.0,2.0,1.0,1.0,625,5.434692377800473,5.447801305848171,0.002412082807344394,False,5.535193460452972,0.018492506229611884,5.452590255058829,0.0032932640919042886,0.08739215460480132,0.004788949210658089,0.0,0.0,938,9.755751761986176e-12,9.496681219189895e-12,True,uniform_argmin_r_q_plus_n_for_r_ge_minimum,1.0,1,2.5,5/2,open_interval_representative,5.447801305848171,6,12,12,"['1', '4/3', '3/2', '2', '3', '4']",5.0,5,5.452590255058829,5.535193460452972,0.004788949210658089,0.08739215460480132,20,2.0685222198307818e-16,5.790923296444817e-13,8.881784197001252e-16,1025,0.0,1.1102230246251565e-16,2.454481062841296e-11,1.249000902703301e-16,4.3076653355456074e-13,4.440892098500626e-16,8.881784197001252e-16,8.881784197001252e-16
K4_B4_lambda6_rho0p75_muvm8_muc1_hvm2_hc1_cb1,4,4,6.0,0.75,8.0,1.0,2.0,2.0,1.0,1.0,625,10.895155281855356,10.921492650874818,0.002417346824172743,False,11.008418466541439,0.010395738450346841,10.937130156486933,0.0038526183010426616,0.08692581566662128,0.015637505612115632,0.0,0.0,1459,9.9262820185686e-12,9.758305274942813e-12,True,uniform_argmin_r_q_plus_n_for_r_ge_minimum,1.0,1,2.5,5/2,open_interval_representative,10.921492650874818,6,12,12,"['1', '4/3', '3/2', '2', '3', '4']",5.0,5,10.937130156486933,11.008418466541439,0.015637505612115632,0.08692581566662128,20,1.8041124150158794e-16,8.686384944667225e-13,0.0,1025,0.0,2.220446049250313e-16,1.1514877940044244e-10,3.3306690738754696e-16,7.887024366937112e-13,8.881784197001252e-16,1.7763568394002505e-15,0.0
K4_B4_lambda8_rho1_muvm8_muc1_hvm2_hc1_cb1,4,4,8.0,1.0,8.0,1.0,2.0,2.0,1.0,1.0,625,17.831409264551144,17.838584642211355,0.0004024010415416503,False,17.872337912834283,0.0022953120348431764,17.851252549922133,0.0011128276557724106,0.033753270622927545,0.012667907710778081,0.0,0.0,1222,9.976020010071807e-12,9.773071241170328e-12,True,uniform_argmin_r_q_plus_n_for_r_ge_minimum,1.0,1,1.75,7/4,open_interval_representative,17.838584642211355,6,12,12,"['1', '4/3', '3/2', '2', '3', '4']",5.0,5,17.851252549922133,17.872337912834283,0.012667907710778081,0.033753270622927545,20,2.498001805406602e-16,4.689582056016661e-13,3.552713678800501e-15,1025,0.0,2.220446049250313e-16,2.334488158339809e-10,2.220446049250313e-16,4.938272013532696e-13,8.881784197001252e-16,1.7763568394002505e-15,3.552713678800501e-15
K4_B4_lambda1_rho0p5_muvm1_muc1_hvm2_hc1_cb10,4,4,1.0,0.5,1.0,1.0,0.25,2.0,1.0,10.0,625,3.830305060305995,3.830305060305988,0.0,True,4.036070493192807,0.05372037726686291,3.830305060305988,0.0,0.20576543288681926,0.0,0.0,0.0,721,9.663381206337363e-12,9.322653760079902e-12,True,uniform_argmin_r_q_plus_n_for_r_ge_minimum,1.0,1,5.0,5,lexicographic_feeder_first,3.830305060305988,6,12,12,"['1', '4/3', '3/2', '2', '3', '4']",5.0,5,3.830305060305988,4.036070493192807,0.0,0.20576543288681926,20,4.933221528762716e-16,2.6703084188284265e-12,4.440892098500626e-16,1025,0.0,2.220446049250313e-16,5.292211113783196e-12,5.082739784612045e-16,3.432809592140984e-13,7.771561172376096e-16,5.551115123125783e-16,4.440892098500626e-16
K4_B4_lambda1p5_rho0p75_muvm1_muc1_hvm2_hc1_cb10,4,4,1.5,0.75,1.0,1.0,0.25,2.0,1.0,10.0,625,7.6060657677942,7.606065767794223,0.0,True,7.984989978653669,0.049818687140981574,7.606065767794223,0.0,0.37892421085944594,0.0,0.0,0.0,977,9.748646334628575e-12,9.481304630298837e-12,True,uniform_argmin_r_q_plus_n_for_r_ge_minimum,1.0,1,5.0,5,lexicographic_feeder_first,7.606065767794223,6,12,12,"['1', '4/3', '3/2', '2', '3', '4']",5.0,5,7.606065767794223,7.984989978653669,0.0,0.37892421085944594,20,5.568462357885551e-16,9.379164112033322e-13,0.0,1025,0.0,2.220446049250313e-16,2.3359092438113294e-11,4.902762223979451e-16,9.885425811262394e-13,1.3322676295501878e-15,0.0,8.881784197001252e-16
K4_B4_lambda2_rho1_muvm1_muc1_hvm2_hc1_cb10,4,4,2.0,1.0,1.0,1.0,0.25,2.0,1.0,10.0,625,13.184682833657387,13.184682833657412,0.0,True,13.548331500623705,0.02758114636159535,13.184682833657412,0.0,0.3636486669662933,0.0,0.0,0.0,985,9.79127889877418e-12,9.516387677876992e-12,True,uniform_argmin_r_q_plus_n_for_r_ge_minimum,1.0,1,5.0,5,lexicographic_feeder_first,13.184682833657412,6,12,12,"['1', '4/3', '3/2', '2', '3', '4']",5.0,5,13.184682833657412,13.548331500623705,0.0,0.3636486669662933,20,2.1423834928313568e-16,5.151434834260726e-13,0.0,1025,0.0,2.220446049250313e-16,5.0739856760628754e-11,2.26706674266719e-16,5.062616992290714e-13,1.3322676295501878e-15,1.3322676295501878e-15,0.0
K4_B4_lambda2_rho0p5_muvm2_muc1_hvm2_hc1_cb10,4,4,2.0,0.5,2.0,1.0,0.5,2.0,1.0,10.0,625,4.906705331988608,4.906714381881128,1.844392908785344e-06,False,5.21426560089569,0.06268162608053596,4.906714381881128,1.844392908785344e-06,0.30755121901456217,0.0,0.0,0.0,538,9.762857189343777e-12,9.296008407488898e-12,True,uniform_argmin_r_q_plus_n_for_r_ge_minimum,1.0,1,5.0,5,lexicographic_feeder_first,4.906714381881128,6,12,12,"['1', '4/3', '3/2', '2', '3', '4']",5.0,5,4.906714381881128,5.21426560089569,0.0,0.30755121901456217,20,2.220446049250313e-16,2.601829862669547e-11,0.0,1025,0.0,1.1102230246251565e-16,6.155076448521868e-12,2.0816681711721685e-16,2.311040248059726e-11,0.0,0.0,0.0
K4_B4_lambda3_rho0p75_muvm2_muc1_hvm2_hc1_cb10,4,4,3.0,0.75,2.0,1.0,0.5,2.0,1.0,10.0,625,10.149836491405818,10.149991514762426,1.52734831482079e-05,False,10.66166709618721,0.05042747291690616,10.149991514762426,1.52734831482079e-05,0.5116755814247842,0.0,0.0,0.0,796,9.805489753489383e-12,9.486966767724425e-12,True,uniform_argmin_r_q_plus_n_for_r_ge_minimum,1.0,1,5.0,5,lexicographic_feeder_first,10.149991514762426,6,12,12,"['1', '4/3', '3/2', '2', '3', '4']",5.0,5,10.149991514762426,10.66166709618721,0.0,0.5116755814247842,20,5.672545766444159e-16,8.01314570253453e-12,0.0,1025,0.0,2.220446049250313e-16,3.3221425610463484e-11,3.9080067307240007e-16,3.666400516522117e-12,8.881784197001252e-16,4.440892098500626e-16,0.0
K4_B4_lambda4_rho1_muvm2_muc1_hvm2_hc1_cb10,4,4,4.0,1.0,2.0,1.0,0.5,2.0,1.0,10.0,625,19.261949583223384,19.262569814625035,3.219982478780045e-05,False,19.64513984496449,0.01989363849622231,19.262569814625035,3.219982478780045e-05,0.3825700303394548,0.0,0.0,0.0,798,9.72022462519817e-12,9.394929278983e-12,True,uniform_argmin_r_q_plus_n_for_r_ge_minimum,1.0,1,5.0,5,lexicographic_feeder_first,19.262569814625035,6,12,12,"['1', '4/3', '3/2', '2', '3', '4']",5.0,5,19.262569814625035,19.64513984496449,0.0,0.3825700303394548,20,4.858445460179106e-16,1.1581846592889633e-12,3.552713678800501e-15,1025,0.0,2.220446049250313e-16,7.602096729897312e-11,3.008118927561032e-16,3.254285729781259e-12,8.881784197001252e-16,8.881784197001252e-16,0.0
K4_B4_lambda4_rho0p5_muvm4_muc1_hvm2_hc1_cb10,4,4,4.0,0.5,4.0,1.0,1.0,2.0,1.0,10.0,625,7.930981487569167,7.939538296369779,0.0010789091884810934,False,8.247614259434796,0.039923529308687866,7.942077729303636,0.0013991006979225825,0.3080759630650167,0.0025394329338572774,0.0,0.0,846,9.904965736495797e-12,9.591161198585496e-12,True,uniform_argmin_r_q_plus_n_for_r_ge_minimum,1.0,1,3.5,7/2,open_interval_representative,7.939538296369779,6,12,12,"['1', '4/3', '3/2', '2', '3', '4']",5.0,5,7.942077729303636,8.247614259434796,0.0025394329338572774,0.3080759630650167,20,3.000258461810512e-16,2.6076918402395677e-12,0.0,1025,0.0,2.220446049250313e-16,2.998046255697773e-11,7.979727989493313e-17,1.70263803056514e-12,0.0,4.440892098500626e-16,8.881784197001252e-16
K4_B4_lambda6_rho0p75_muvm4_muc1_hvm2_hc1_cb10,4,4,6.0,0.75,4.0,1.0,1.0,2.0,1.0,10.0,625,22.184810454475414,22.195294919353444,0.0004725965497674233,False,22.43237825550311,0.011159338121717112,22.203811101609855,0.0008564710153116193,0.23708333614966648,0.008516182256411042,0.0,0.0,980,9.890754881780595e-12,9.624745445080407e-12,True,uniform_argmin_r_q_plus_n_for_r_ge_minimum,1.0,1,2.5,5/2,open_interval_representative,22.195294919353444,6,12,12,"['1', '4/3', '3/2', '2', '3', '4']",5.0,5,22.203811101609855,22.43237825550311,0.008516182256411042,0.23708333614966648,20,3.7757510063397143e-16,8.313350008393172e-13,0.0,1025,0.0,2.220446049250313e-16,1.2354561818028742e-10,3.2158452875456767e-16,1.0871303857129533e-12,8.881784197001252e-16,8.881784197001252e-16,3.552713678800501e-15
K4_B4_lambda8_rho1_muvm4_muc1_hvm2_hc1_cb10,4,4,8.0,1.0,4.0,1.0,1.0,2.0,1.0,10.0,625,43.23852969172571,43.24108307929804,5.905352449629335e-05,False,43.302504055502,0.001479568436586581,43.24522733096633,0.00015489979165276925,0.061420976203955036,0.004144251668286358,0.0,0.0,655,9.947598300641403e-12,9.541256673628595e-12,True,uniform_argmin_r_q_plus_n_for_r_ge_minimum,1.0,1,2.5,5/2,open_interval_representative,43.24108307929804,6,12,12,"['1', '4/3', '3/2', '2', '3', '4']",5.0,5,43.24522733096633,43.302504055502,0.004144251668286358,0.061420976203955036,20,2.0743985109023585e-16,6.963318810448982e-13,0.0,1025,0.0,2.220446049250313e-16,1.8552981373431976e-10,3.0531133177191805e-16,9.166001291305292e-13,1.7763568394002505e-15,0.0,7.105427357601002e-15
K4_B4_lambda4_rho0p5_muvm8_muc1_hvm2_hc1_cb10,4,4,4.0,0.5,8.0,1.0,2.0,2.0,1.0,10.0,625,5.463433780977352,5.4768366468454595,0.002453194530292173,False,5.565318379026669,0.018648454824154694,5.481819174310671,0.0033651718077617617,0.0884817321812097,0.004982527465211106,0.0,0.0,940,9.99733629214461e-12,9.732326056166585e-12,True,uniform_argmin_r_q_plus_n_for_r_ge_minimum,1.0,1,2.5,5/2,open_interval_representative,5.4768366468454595,6,12,12,"['1', '4/3', '3/2', '2', '3', '4']",5.0,5,5.481819174310671,5.565318379026669,0.004982527465211106,0.0884817321812097,20,2.0685222198307818e-16,4.716227408607665e-13,0.0,1025,0.0,1.1102230246251565e-16,2.5150548310648446e-11,1.249000902703301e-16,4.911626660941693e-13,4.440892098500626e-16,8.881784197001252e-16,8.881784197001252e-16
K4_B4_lambda6_rho0p75_muvm8_muc1_hvm2_hc1_cb10,4,4,6.0,0.75,8.0,1.0,2.0,2.0,1.0,10.0,625,12.869561324948878,12.902837212282012,0.002585627162646655,False,13.01345913548697,0.01118125217361783,12.926087548912944,0.004392241704034247,0.1106219232049579,0.02325033663093201,0.0,0.0,1489,9.833911462919787e-12,9.683365220780615e-12,True,uniform_argmin_r_q_plus_n_for_r_ge_minimum,1.0,1,1.75,7/4,open_interval_representative,12.902837212282012,6,12,12,"['1', '4/3', '3/2', '2', '3', '4']",5.0,5,12.926087548912944,13.01345913548697,0.02325033663093201,0.1106219232049579,20,2.3605452987261744e-16,9.379164112033322e-13,1.7763568394002505e-15,1025,0.0,2.220446049250313e-16,1.142250738439543e-10,3.3306690738754696e-16,1.0871303857129533e-12,8.881784197001252e-16,1.7763568394002505e-15,0.0
K4_B4_lambda8_rho1_muvm8_muc1_hvm2_hc1_cb10,4,4,8.0,1.0,8.0,1.0,2.0,2.0,1.0,10.0,625,30.449955572608303,30.46261404738309,0.00041571406383842296,False,30.527110756348165,0.002533835675256877,30.489863880980376,0.0013106195927580714,0.06449670896507342,0.027249833597284834,0.0,0.0,1270,9.990230864787009e-12,9.765521724602877e-12,True,uniform_argmin_r_q_plus_n_for_r_ge_minimum,1.0,1,1.75,7/4,open_interval_representative,30.46261404738309,6,12,12,"['1', '4/3', '3/2', '2', '3', '4']",5.0,5,30.489863880980376,30.527110756348165,0.027249833597284834,0.06449670896507342,20,2.498001805406602e-16,9.414691248821327e-13,3.552713678800501e-15,1025,0.0,2.220446049250313e-16,2.334772375434113e-10,3.3306690738754696e-16,1.1084466677857563e-12,1.7763568394002505e-15,8.881784197001252e-16,0.0
K4_B4_lambda1_rho0p5_muvm1_muc1_hvm2_hc1_cb50,4,4,1.0,0.5,1.0,1.0,0.25,2.0,1.0,50.0,625,3.94821381371354,3.9482138137135303,0.0,True,4.17027847237858,0.05624433456307037,3.9482138137135303,0.0,0.2220646586650501,0.0,0.0,0.0,726,9.805489753489383e-12,9.422462809993704e-12,True,uniform_argmin_r_q_plus_n_for_r_ge_minimum,1.0,1,5.0,5,lexicographic_feeder_first,3.9482138137135303,6,12,12,"['1', '4/3', '3/2', '2', '3', '4']",5.0,5,3.9482138137135303,4.17027847237858,0.0,0.2220646586650501,20,4.933221528762716e-16,2.005950960892733e-12,4.440892098500626e-16,1025,0.0,2.220446049250313e-16,5.367262190247857e-12,5.082739784612045e-16,5.808686864838819e-13,7.771561172376096e-16,5.551115123125783e-16,0.0
K4_B4_lambda1p5_rho0p75_muvm1_muc1_hvm2_hc1_cb50,4,4,1.5,0.75,1.0,1.0,0.25,2.0,1.0,50.0,625,9.696454271559245,9.69645427155929,0.0,True,10.26313600437559,0.058442160087165525,9.69645427155929,0.0,0.566681732816301,0.0,0.0,0.0,999,9.805489753489383e-12,9.569012249244224e-12,True,uniform_argmin_r_q_plus_n_for_r_ge_minimum,1.0,1,5.0,5,lexicographic_feeder_first,9.69645427155929,6,12,12,"['1', '4/3', '3/2', '2', '3', '4']",5.0,5,9.69645427155929,10.26313600437559,0.0,0.566681732816301,20,5.568462357885551e-16,1.1972645097557688e-12,0.0,1025,0.0,2.220446049250313e-16,2.3435475782207504e-11,4.902762223979451e-16,1.3073986337985843e-12,1.3322676295501878e-15,0.0,1.7763568394002505e-15
K4_B4_lambda2_rho1_muvm1_muc1_hvm2_hc1_cb50,4,4,2.0,1.0,1.0,1.0,0.25,2.0,1.0,50.0,625,23.314585606296326,23.3145856062964,0.0,True,24.095344637389324,0.03348800807689015,23.3145856062964,0.0,0.7807590310929235,0.0,0.0,0.0,1020,9.72022462519817e-12,9.418688051709978e-12,True,uniform_argmin_r_q_plus_n_for_r_ge_minimum,1.0,1,5.0,5,lexicographic_feeder_first,23.3145856062964,6,12,12,"['1', '4/3', '3/2', '2', '3', '4']",5.0,5,23.3145856062964,24.095344637389324,0.0,0.7807590310929235,20,2.1423834928313568e-16,8.668621376273222e-13,3.552713678800501e-15,1025,0.0,2.220446049250313e-16,5.028510940974229e-11,2.26706674266719e-16,1.1972645097557688e-12,1.3322676295501878e-15,1.3322676295501878e-15,0.0
K4_B4_lambda2_rho0p5_muvm2_muc1_hvm2_hc1_cb50,4,4,2.0,0.5,2.0,1.0,0.5,2.0,1.0,50.0,625,5.164483095222483,5.164489822639617,1.302631262497716e-06,False,5.524045062238734,0.06962206292220646,5.164489822639617,1.302631262497716e-06,0.35955523959911684,0.0,0.0,0.0,544,9.606537787476555e-12,9.111988941157279e-12,True,uniform_argmin_r_q_plus_n_for_r_ge_minimum,1.0,1,5.0,5,lexicographic_feeder_first,5.164489822639617,6,12,12,"['1', '4/3', '3/2', '2', '3', '4']",5.0,5,5.164489822639617,5.524045062238734,0.0,0.35955523959911684,20,2.220446049250313e-16,2.4279245280922623e-11,8.881784197001252e-16,1025,0.0,1.1102230246251565e-16,6.041389610800252e-12,2.0816681711721685e-16,2.042721547468318e-11,0.0,0.0,8.881784197001252e-16
K4_B4_lambda3_rho0p75_muvm2_muc1_hvm2_hc1_cb50,4,4,3.0,0.75,2.0,1.0,0.5,2.0,1.0,50.0,625,15.2112111502343,15.211482082195662,1.7811333935607098e-05,False,16.20975754726303,0.06564542344238974,15.211482082195662,1.7811333935607098e-05,0.9982754650673691,0.0,0.0,0.0,821,9.86233317235019e-12,9.561684777281698e-12,True,uniform_argmin_r_q_plus_n_for_r_ge_minimum,1.0,1,5.0,5,lexicographic_feeder_first,15.211482082195662,6,12,12,"['1', '4/3', '3/2', '2', '3', '4']",5.0,5,15.211482082195662,16.20975754726303,0.0,0.9982754650673691,20,5.672545766444159e-16,4.645173135031655e-12,0.0,1025,0.0,2.220446049250313e-16,3.3443470215388515e-11,3.9080067307240007e-16,4.75175454539567e-12,8.881784197001252e-16,4.440892098500626e-16,1.7763568394002505e-15
K4_B4_lambda4_rho1_muvm2_muc1_hvm2_hc1_cb50,4,4,4.0,1.0,2.0,1.0,0.5,2.0,1.0,50.0,625,44.11606745946291,44.11765429406468,3.5969538835822025e-05,False,45.221907554657015,0.025066606315493355,44.11765429406468,3.5969538835822025e-05,1.104253260592337,0.0,0.0,0.0,833,9.777068044058979e-12,9.516831767086842e-12,True,uniform_argmin_r_q_plus_n_for_r_ge_minimum,1.0,1,5.0,5,lexicographic_feeder_first,44.11765429406468,6,12,12,"['1', '4/3', '3/2', '2', '3', '4']",5.0,5,44.11765429406468,45.221907554657015,0.0,1.104253260592337,20,4.858445460179106e-16,3.247180302423658e-12,7.105427357601002e-15,1025,0.0,2.220446049250313e-16,7.675282631680602e-11,3.008118927561032e-16,5.144329406903125e-12,8.881784197001252e-16,8.881784197001252e-16,0.0
K4_B4_lambda4_rho0p5_muvm4_muc1_hvm2_hc1_cb50,4,4,4.0,0.5,4.0,1.0,1.0,2.0,1.0,50.0,625,9.5020979058119,9.516102916909032,0.0014738862129137773,False,9.974060635300612,0.04966931873013426,9.520220062017513,0.0019071742246024896,0.4579577183915795,0.004117145108480713,0.0,0.0,868,9.72022462519817e-12,9.404477196994776e-12,True,uniform_argmin_r_q_plus_n_for_r_ge_minimum,1.0,1,3.5,7/2,open_interval_representative,9.516102916909032,6,12,12,"['1', '4/3', '3/2', '2', '3', '4']",5.0,5,9.520220062017513,9.974060635300612,0.004117145108480713,0.4579577183915795,20,3.000258461810512e-16,2.8190783041281975e-12,1.7763568394002505e-15,1025,0.0,2.220446049250313e-16,2.9407587476271146e-11,7.979727989493313e-17,1.8953727476400672e-12,0.0,4.440892098500626e-16,0.0
K4_B4_lambda6_rho0p75_muvm4_muc1_hvm2_hc1_cb50,4,4,6.0,0.75,4.0,1.0,1.0,2.0,1.0,50.0,625,53.862530824943555,53.8930934653756,0.0005674193166187333,False,54.59264975505899,0.013555228819239264,53.92127511162998,0.0010906336146244027,0.6995562896833931,0.028181646254381576,0.0,0.0,1027,9.72022462519817e-12,9.477751916620036e-12,True,uniform_argmin_r_q_plus_n_for_r_ge_minimum,1.0,1,2.5,5/2,open_interval_representative,53.8930934653756,6,12,12,"['1', '4/3', '3/2', '2', '3', '4']",5.0,5,53.92127511162998,54.59264975505899,0.028181646254381576,0.6995562896833931,20,3.7757510063397143e-16,2.1174173525650986e-12,0.0,1025,0.0,2.220446049250313e-16,1.2108358760087867e-10,3.2158452875456767e-16,2.9487523534044158e-12,8.881784197001252e-16,8.881784197001252e-16,7.105427357601002e-15
K4_B4_lambda8_rho1_muvm4_muc1_hvm2_hc1_cb50,4,4,8.0,1.0,4.0,1.0,1.0,2.0,1.0,50.0,625,144.4000820098596,144.40973720883275,6.686422084227229e-05,False,144.64272923379824,0.0016803814829001614,144.4260148304866,0.00017959006855148898,0.23299202496548332,0.016277621653841834,0.0,0.0,690,9.72022462519817e-12,9.384493182551523e-12,True,uniform_argmin_r_q_plus_n_for_r_ge_minimum,1.0,1,2.5,5/2,open_interval_representative,144.40973720883275,6,12,12,"['1', '4/3', '3/2', '2', '3', '4']",5.0,5,144.4260148304866,144.64272923379824,0.016277621653841834,0.23299202496548332,20,2.0743985109023585e-16,4.519051799434237e-12,2.842170943040401e-14,1025,0.0,2.220446049250313e-16,1.815294581319904e-10,3.0531133177191805e-16,3.950617610826157e-12,1.7763568394002505e-15,0.0,0.0
K4_B4_lambda4_rho0p5_muvm8_muc1_hvm2_hc1_cb50,4,4,4.0,0.5,8.0,1.0,2.0,2.0,1.0,50.0,625,5.591173350652369,5.605882606833406,0.002630799522486793,False,5.699206906020881,0.01932216166324135,5.611725482096627,0.0036758172489609006,0.09332429918747476,0.005842875263221359,0.0,0.0,951,9.904965736495797e-12,9.64650581636306e-12,True,uniform_argmin_r_q_plus_n_for_r_ge_minimum,1.0,1,2.5,5/2,open_interval_representative,5.605882606833406,6,12,12,"['1', '4/3', '3/2', '2', '3', '4']",5.0,5,5.611725482096627,5.699206906020881,0.005842875263221359,0.09332429918747476,20,2.0685222198307818e-16,8.100187187665142e-13,0.0,1025,0.0,1.1102230246251565e-16,2.4915181029427913e-11,1.249000902703301e-16,8.624212455288216e-13,4.440892098500626e-16,8.881784197001252e-16,8.881784197001252e-16
K4_B4_lambda6_rho0p75_muvm8_muc1_hvm2_hc1_cb50,4,4,6.0,0.75,8.0,1.0,2.0,2.0,1.0,50.0,625,21.644699294253414,21.705093281249287,0.002790243753208774,False,21.92475099746711,0.012938581377660904,21.765898181917443,0.005599472000805617,0.21965771621782437,0.06080490066815614,0.0,0.0,1548,9.890754881780595e-12,9.691358826557916e-12,True,uniform_argmin_r_q_plus_n_for_r_ge_minimum,1.0,1,1.75,7/4,open_interval_representative,21.705093281249287,6,12,12,"['1', '4/3', '3/2', '2', '3', '4']",5.0,5,21.765898181917443,21.92475099746711,0.06080490066815614,0.21965771621782437,20,2.3605452987261744e-16,2.4442670110147446e-12,0.0,1025,0.0,2.220446049250313e-16,1.1467093941064377e-10,3.3306690738754696e-16,1.8403056856186595e-12,8.881784197001252e-16,1.7763568394002505e-15,0.0
K4_B4_lambda8_rho1_muvm8_muc1_hvm2_hc1_cb50,4,4,8.0,1.0,8.0,1.0,2.0,2.0,1.0,50.0,625,86.532341153663,86.5694114037019,0.0004283976319683731,False,86.77054561640989,0.0027527795916661092,86.66146979679478,0.0014922587486969026,0.20113421270798426,0.09205839309287,0.0,0.0,1335,9.890754881780595e-12,9.653611243720661e-12,True,uniform_argmin_r_q_plus_n_for_r_ge_minimum,1.0,1,1.75,7/4,open_interval_representative,86.5694114037019,6,12,12,"['1', '4/3', '3/2', '2', '3', '4']",5.0,5,86.66146979679478,86.77054561640989,0.09205839309287,0.20113421270798426,20,2.498001805406602e-16,3.595346242946107e-12,0.0,1025,0.0,2.220446049250313e-16,2.3030111151456367e-10,3.3306690738754696e-16,3.467448550509289e-12,1.7763568394002505e-15,8.881784197001252e-16,0.0
