certificate_pair,member,totals,feasible_actions,state,optimal_action_set,arrival_scores,best_runner_up_margin,scenario_id,family
1,left,"(1, 1, 1)","(1, 2, 3)","(0, 1, 1, 0, 1, 0)","(1,)","{1: 11.249496020396487, 2: 12.296493452112053, 3: 12.296493452112053}",1.0469974317155657,H07,homogeneous_core_K2
1,right,"(1, 1, 1)","(1, 2, 3)","(1, 0, 0, 1, 1, 0)","(2,)","{1: 12.29649345211205, 2: 11.249496020396487, 3: 12.296493452112053}",1.046997431715564,H07,homogeneous_core_K2
2,left,"(1, 1, 1)","(1, 2, 3)","(0, 1, 1, 0, 1, 0)","(1,)","{1: 11.249496020396487, 2: 12.296493452112053, 3: 12.296493452112053}",1.0469974317155657,H07,homogeneous_core_K2
2,right,"(1, 1, 1)","(1, 2, 3)","(1, 0, 1, 0, 0, 1)","(3,)","{1: 12.296493452112053, 2: 12.296493452112053, 3: 11.249496020396487}",1.0469974317155657,H07,homogeneous_core_K2
3,left,"(1, 1, 1)","(1, 2, 3)","(1, 0, 0, 1, 1, 0)","(2,)","{1: 12.29649345211205, 2: 11.249496020396487, 3: 12.296493452112053}",1.046997431715564,H07,homogeneous_core_K2
3,right,"(1, 1, 1)","(1, 2, 3)","(1, 0, 1, 0, 0, 1)","(3,)","{1: 12.296493452112053, 2: 12.296493452112053, 3: 11.249496020396487}",1.0469974317155657,H07,homogeneous_core_K2
4,left,"(1, 1, 2)","(1, 2, 3)","(0, 1, 1, 0, 0, 2)","(1,)","{1: 10.044567746435042, 2: 11.223514887139036, 3: 10.677022447541862}",0.6324547011068198,H07,homogeneous_core_K2
4,right,"(1, 1, 2)","(1, 2, 3)","(1, 0, 0, 1, 0, 2)","(2,)","{1: 11.223514887139036, 2: 10.044567746435042, 3: 10.677022447541862}",0.6324547011068198,H07,homogeneous_core_K2
1,left,"(1, 1, 1)","(1, 2, 3)","(0, 1, 1, 0, 1, 0)","(1,)","{1: 17.054827015013444, 2: 18.32432318507012, 3: 18.32432318507012}",1.2694961700566765,H08,homogeneous_core_K2
1,right,"(1, 1, 1)","(1, 2, 3)","(1, 0, 0, 1, 1, 0)","(2,)","{1: 18.32432318507012, 2: 17.054827015013444, 3: 18.32432318507012}",1.2694961700566765,H08,homogeneous_core_K2
2,left,"(1, 1, 1)","(1, 2, 3)","(0, 1, 1, 0, 1, 0)","(1,)","{1: 17.054827015013444, 2: 18.32432318507012, 3: 18.32432318507012}",1.2694961700566765,H08,homogeneous_core_K2
2,right,"(1, 1, 1)","(1, 2, 3)","(1, 0, 1, 0, 0, 1)","(3,)","{1: 18.32432318507012, 2: 18.32432318507012, 3: 17.054827015013444}",1.2694961700566765,H08,homogeneous_core_K2
3,left,"(1, 1, 1)","(1, 2, 3)","(1, 0, 0, 1, 1, 0)","(2,)","{1: 18.32432318507012, 2: 17.054827015013444, 3: 18.32432318507012}",1.2694961700566765,H08,homogeneous_core_K2
3,right,"(1, 1, 1)","(1, 2, 3)","(1, 0, 1, 0, 0, 1)","(3,)","{1: 18.32432318507012, 2: 18.32432318507012, 3: 17.054827015013444}",1.2694961700566765,H08,homogeneous_core_K2
4,left,"(1, 1, 2)","(1, 2, 3)","(0, 1, 1, 0, 0, 2)","(1,)","{1: 14.828554244107895, 2: 16.293000749509403, 3: 15.695534161420113}",0.8669799173122179,H08,homogeneous_core_K2
4,right,"(1, 1, 2)","(1, 2, 3)","(1, 0, 0, 1, 0, 2)","(2,)","{1: 16.293000749509403, 2: 14.828554244107895, 3: 15.69553416142011}",0.8669799173122144,H08,homogeneous_core_K2
1,left,"(1, 1, 1)","(1, 2, 3)","(0, 1, 1, 0, 1, 0)","(1,)","{1: 13.284394804686789, 2: 14.120847659085962, 3: 14.12084765908596}",0.8364528543991714,H09,homogeneous_core_K2
1,right,"(1, 1, 1)","(1, 2, 3)","(1, 0, 0, 1, 1, 0)","(2,)","{1: 14.120847659085962, 2: 13.284394804686789, 3: 14.12084765908596}",0.8364528543991714,H09,homogeneous_core_K2
2,left,"(1, 1, 1)","(1, 2, 3)","(0, 1, 1, 0, 1, 0)","(1,)","{1: 13.284394804686789, 2: 14.120847659085962, 3: 14.12084765908596}",0.8364528543991714,H09,homogeneous_core_K2
2,right,"(1, 1, 1)","(1, 2, 3)","(1, 0, 1, 0, 0, 1)","(3,)","{1: 14.12084765908596, 2: 14.12084765908596, 3: 13.284394804686785}",0.8364528543991749,H09,homogeneous_core_K2
3,left,"(1, 1, 1)","(1, 2, 3)","(1, 0, 0, 1, 1, 0)","(2,)","{1: 14.120847659085962, 2: 13.284394804686789, 3: 14.12084765908596}",0.8364528543991714,H09,homogeneous_core_K2
3,right,"(1, 1, 1)","(1, 2, 3)","(1, 0, 1, 0, 0, 1)","(3,)","{1: 14.12084765908596, 2: 14.12084765908596, 3: 13.284394804686785}",0.8364528543991749,H09,homogeneous_core_K2
4,left,"(1, 1, 2)","(1, 2, 3)","(0, 1, 1, 0, 0, 2)","(1,)","{1: 13.743139367668826, 2: 14.575932501662082, 3: 14.57356143315164}",0.8304220654828143,H09,homogeneous_core_K2
4,right,"(1, 1, 2)","(1, 2, 3)","(1, 0, 0, 1, 0, 2)","(2,)","{1: 14.575932501662082, 2: 13.743139367668826, 3: 14.57356143315164}",0.8304220654828143,H09,homogeneous_core_K2
1,left,"(1, 1, 1)","(1, 2, 3)","(0, 1, 1, 0, 1, 0)","(1,)","{1: 21.217132458474683, 2: 22.183494155717742, 3: 22.183494155717742}",0.9663616972430589,H10,homogeneous_core_K2
1,right,"(1, 1, 1)","(1, 2, 3)","(1, 0, 0, 1, 1, 0)","(2,)","{1: 22.183494155717742, 2: 21.217132458474683, 3: 22.183494155717742}",0.9663616972430589,H10,homogeneous_core_K2
2,left,"(1, 1, 1)","(1, 2, 3)","(0, 1, 1, 0, 1, 0)","(1,)","{1: 21.217132458474683, 2: 22.183494155717742, 3: 22.183494155717742}",0.9663616972430589,H10,homogeneous_core_K2
2,right,"(1, 1, 1)","(1, 2, 3)","(1, 0, 1, 0, 0, 1)","(3,)","{1: 22.183494155717742, 2: 22.183494155717742, 3: 21.217132458474683}",0.9663616972430589,H10,homogeneous_core_K2
3,left,"(1, 1, 1)","(1, 2, 3)","(1, 0, 0, 1, 1, 0)","(2,)","{1: 22.183494155717742, 2: 21.217132458474683, 3: 22.183494155717742}",0.9663616972430589,H10,homogeneous_core_K2
3,right,"(1, 1, 1)","(1, 2, 3)","(1, 0, 1, 0, 0, 1)","(3,)","{1: 22.183494155717742, 2: 22.183494155717742, 3: 21.217132458474683}",0.9663616972430589,H10,homogeneous_core_K2
4,left,"(1, 1, 2)","(1, 2, 3)","(0, 1, 1, 0, 0, 2)","(1,)","{1: 21.805894409906028, 2: 22.776084941128847, 3: 22.778423510687542}",0.9701905312228192,H10,homogeneous_core_K2
4,right,"(1, 1, 2)","(1, 2, 3)","(1, 0, 0, 1, 0, 2)","(2,)","{1: 22.77608494112885, 2: 21.805894409906028, 3: 22.778423510687542}",0.9701905312228227,H10,homogeneous_core_K2
1,left,"(1, 1, 1)","(1, 2, 3)","(0, 1, 1, 0, 1, 0)","(1,)","{1: 7.923617616320764, 2: 8.285194335287326, 3: 8.28519433528733}",0.3615767189665613,H11,homogeneous_core_K2
1,right,"(1, 1, 1)","(1, 2, 3)","(1, 0, 0, 1, 1, 0)","(2,)","{1: 8.285194335287326, 2: 7.923617616320766, 3: 8.28519433528733}",0.3615767189665595,H11,homogeneous_core_K2
2,left,"(1, 1, 1)","(1, 2, 3)","(0, 1, 1, 0, 1, 0)","(1,)","{1: 7.923617616320764, 2: 8.285194335287326, 3: 8.28519433528733}",0.3615767189665613,H11,homogeneous_core_K2
2,right,"(1, 1, 1)","(1, 2, 3)","(1, 0, 1, 0, 0, 1)","(3,)","{1: 8.285194335287326, 2: 8.285194335287326, 3: 7.923617616320766}",0.3615767189665595,H11,homogeneous_core_K2
3,left,"(1, 1, 1)","(1, 2, 3)","(1, 0, 0, 1, 1, 0)","(2,)","{1: 8.285194335287326, 2: 7.923617616320766, 3: 8.28519433528733}",0.3615767189665595,H11,homogeneous_core_K2
3,right,"(1, 1, 1)","(1, 2, 3)","(1, 0, 1, 0, 0, 1)","(3,)","{1: 8.285194335287326, 2: 8.285194335287326, 3: 7.923617616320766}",0.3615767189665595,H11,homogeneous_core_K2
4,left,"(1, 1, 2)","(1, 2, 3)","(0, 1, 1, 0, 0, 2)","(1,)","{1: 9.406595754063641, 2: 9.76746069269188, 3: 10.075364611464963}",0.36086493862823943,H11,homogeneous_core_K2
4,right,"(1, 1, 2)","(1, 2, 3)","(1, 0, 0, 1, 0, 2)","(2,)","{1: 9.76746069269188, 2: 9.406595754063641, 3: 10.075364611464963}",0.36086493862823943,H11,homogeneous_core_K2
1,left,"(1, 1, 1)","(1, 2, 3)","(0, 1, 1, 0, 1, 0)","(1,)","{1: 15.904651932243826, 2: 16.539893576043564, 3: 16.539893576043557}",0.6352416437997306,H12,homogeneous_core_K2
1,right,"(1, 1, 1)","(1, 2, 3)","(1, 0, 0, 1, 1, 0)","(2,)","{1: 16.539893576043564, 2: 15.904651932243826, 3: 16.53989357604356}",0.6352416437997341,H12,homogeneous_core_K2
2,left,"(1, 1, 1)","(1, 2, 3)","(0, 1, 1, 0, 1, 0)","(1,)","{1: 15.904651932243826, 2: 16.539893576043564, 3: 16.539893576043557}",0.6352416437997306,H12,homogeneous_core_K2
2,right,"(1, 1, 1)","(1, 2, 3)","(1, 0, 1, 0, 0, 1)","(3,)","{1: 16.53989357604356, 2: 16.53989357604356, 3: 15.904651932243826}",0.6352416437997341,H12,homogeneous_core_K2
3,left,"(1, 1, 1)","(1, 2, 3)","(1, 0, 0, 1, 1, 0)","(2,)","{1: 16.539893576043564, 2: 15.904651932243826, 3: 16.53989357604356}",0.6352416437997341,H12,homogeneous_core_K2
3,right,"(1, 1, 1)","(1, 2, 3)","(1, 0, 1, 0, 0, 1)","(3,)","{1: 16.53989357604356, 2: 16.53989357604356, 3: 15.904651932243826}",0.6352416437997341,H12,homogeneous_core_K2
4,left,"(1, 1, 2)","(1, 2, 3)","(0, 1, 1, 0, 0, 2)","(1,)","{1: 18.711383048852976, 2: 19.336618704156365, 3: 19.770863231945704}",0.6252356553033884,H12,homogeneous_core_K2
4,right,"(1, 1, 2)","(1, 2, 3)","(1, 0, 0, 1, 0, 2)","(2,)","{1: 19.336618704156365, 2: 18.711383048852976, 3: 19.770863231945704}",0.6252356553033884,H12,homogeneous_core_K2
1,left,"(1, 1, 1)","(1, 2, 3)","(0, 1, 1, 0, 1, 0)","(1,)","{1: 10.020158427688237, 2: 10.891112657400388, 3: 10.891112657400388}",0.8709542297121509,H16,homogeneous_core_K4
1,right,"(1, 1, 1)","(1, 2, 3)","(1, 0, 0, 1, 1, 0)","(2,)","{1: 10.891112657400388, 2: 10.020158427688237, 3: 10.891112657400388}",0.8709542297121509,H16,homogeneous_core_K4
2,left,"(1, 1, 1)","(1, 2, 3)","(0, 1, 1, 0, 1, 0)","(1,)","{1: 10.020158427688237, 2: 10.891112657400388, 3: 10.891112657400388}",0.8709542297121509,H16,homogeneous_core_K4
2,right,"(1, 1, 1)","(1, 2, 3)","(1, 0, 1, 0, 0, 1)","(3,)","{1: 10.891112657400388, 2: 10.891112657400388, 3: 10.020158427688237}",0.8709542297121509,H16,homogeneous_core_K4
3,left,"(1, 1, 1)","(1, 2, 3)","(1, 0, 0, 1, 1, 0)","(2,)","{1: 10.891112657400388, 2: 10.020158427688237, 3: 10.891112657400388}",0.8709542297121509,H16,homogeneous_core_K4
3,right,"(1, 1, 1)","(1, 2, 3)","(1, 0, 1, 0, 0, 1)","(3,)","{1: 10.891112657400388, 2: 10.891112657400388, 3: 10.020158427688237}",0.8709542297121509,H16,homogeneous_core_K4
4,left,"(1, 1, 2)","(1, 2, 3)","(0, 1, 1, 0, 0, 2)","(1,)","{1: 8.559911605253975, 2: 9.71708788742027, 3: 8.5745619641876}",0.01465035893362554,H16,homogeneous_core_K4
4,right,"(1, 1, 2)","(1, 2, 3)","(1, 0, 0, 1, 0, 2)","(2,)","{1: 9.71708788742027, 2: 8.559911605253975, 3: 8.5745619641876}",0.01465035893362554,H16,homogeneous_core_K4
1,left,"(1, 1, 1)","(1, 2, 3)","(0, 1, 1, 0, 1, 0)","(1,)","{1: 12.272409969184972, 2: 13.025831182757885, 3: 13.025831182757885}",0.7534212135729135,H17,homogeneous_core_K4
1,right,"(1, 1, 1)","(1, 2, 3)","(1, 0, 0, 1, 1, 0)","(2,)","{1: 13.025831182757885, 2: 12.272409969184972, 3: 13.025831182757885}",0.7534212135729135,H17,homogeneous_core_K4
2,left,"(1, 1, 1)","(1, 2, 3)","(0, 1, 1, 0, 1, 0)","(1,)","{1: 12.272409969184972, 2: 13.025831182757885, 3: 13.025831182757885}",0.7534212135729135,H17,homogeneous_core_K4
2,right,"(1, 1, 1)","(1, 2, 3)","(1, 0, 1, 0, 0, 1)","(3,)","{1: 13.025831182757885, 2: 13.025831182757885, 3: 12.272409969184968}",0.753421213572917,H17,homogeneous_core_K4
3,left,"(1, 1, 1)","(1, 2, 3)","(1, 0, 0, 1, 1, 0)","(2,)","{1: 13.025831182757885, 2: 12.272409969184972, 3: 13.025831182757885}",0.7534212135729135,H17,homogeneous_core_K4
3,right,"(1, 1, 1)","(1, 2, 3)","(1, 0, 1, 0, 0, 1)","(3,)","{1: 13.025831182757885, 2: 13.025831182757885, 3: 12.272409969184968}",0.753421213572917,H17,homogeneous_core_K4
4,left,"(1, 1, 2)","(1, 2, 3)","(0, 1, 1, 0, 0, 2)","(1,)","{1: 12.052714202435203, 2: 13.051089884187205, 3: 12.114944752873038}",0.06223055043783532,H17,homogeneous_core_K4
4,right,"(1, 1, 2)","(1, 2, 3)","(1, 0, 0, 1, 0, 2)","(2,)","{1: 13.051089884187206, 2: 12.052714202435203, 3: 12.114944752873038}",0.06223055043783532,H17,homogeneous_core_K4
1,left,"(1, 1, 1)","(1, 2, 3)","(0, 1, 1, 0, 1, 0)","(1,)","{1: 7.297123138076682, 2: 7.5381165508810835, 3: 7.538116550881084}",0.24099341280440179,H18,homogeneous_core_K4
1,right,"(1, 1, 1)","(1, 2, 3)","(1, 0, 0, 1, 1, 0)","(2,)","{1: 7.5381165508810835, 2: 7.297123138076682, 3: 7.5381165508810835}",0.24099341280440179,H18,homogeneous_core_K4
2,left,"(1, 1, 1)","(1, 2, 3)","(0, 1, 1, 0, 1, 0)","(1,)","{1: 7.297123138076682, 2: 7.5381165508810835, 3: 7.538116550881084}",0.24099341280440179,H18,homogeneous_core_K4
2,right,"(1, 1, 1)","(1, 2, 3)","(1, 0, 1, 0, 0, 1)","(3,)","{1: 7.5381165508810835, 2: 7.5381165508810835, 3: 7.297123138076682}",0.24099341280440179,H18,homogeneous_core_K4
3,left,"(1, 1, 1)","(1, 2, 3)","(1, 0, 0, 1, 1, 0)","(2,)","{1: 7.5381165508810835, 2: 7.297123138076682, 3: 7.5381165508810835}",0.24099341280440179,H18,homogeneous_core_K4
3,right,"(1, 1, 1)","(1, 2, 3)","(1, 0, 1, 0, 0, 1)","(3,)","{1: 7.5381165508810835, 2: 7.5381165508810835, 3: 7.297123138076682}",0.24099341280440179,H18,homogeneous_core_K4
4,left,"(1, 1, 2)","(1, 2, 3)","(0, 1, 1, 0, 0, 2)","(1,)","{1: 8.560791154120801, 2: 8.850641746357875, 3: 8.582158291228508}",0.021367137107706213,H18,homogeneous_core_K4
4,right,"(1, 1, 2)","(1, 2, 3)","(1, 0, 0, 1, 0, 2)","(2,)","{1: 8.850641746357875, 2: 8.560791154120801, 3: 8.582158291228508}",0.021367137107706213,H18,homogeneous_core_K4
